subj_id,practice1,practice2,practice3,practice4,practice5,practice6,practice7,practice8,CEH_like,CEL_like,SEH_like,SEL_like,CEH_wealthy,CEL_wealthy,SEH_wealthy,SEL_wealthy,CEH_hostile,CEL_hostile,SEH_hostile,SEL_hostile,CEH_positive,CEL_positive,SEH_positive,SEL_positive,CEH_educated,CEL_educated,SEH_educated,SEL_educated,CEH_aggressive,CEL_aggressive,SEH_aggressive,SEL_aggressive,CSH_like,CSL_like,SSH_like,SSL_like,CSH_wealthy,CSL_wealthy,SSH_wealthy,SSL_wealthy,CSH_hostile,CSL_hostile,SSH_hostile,SSL_hostile,CSH_positive,CSL_positive,SSH_positive,SSL_positive,CSH_educated,CSL_educated,SSH_educated,SSL_educated,CSH_aggressive,CSL_aggressive,SSH_aggressive,SSL_aggressive,CHH_like,CHL_like,SHH_like,SHL_like,CHH_wealthy,CHL_wealthy,SHH_wealthy,SHL_wealthy,CHH_hostile,CHL_hostile,SHH_hostile,SHL_hostile,CHH_positive,CHL_positive,SHH_positive,SHL_positive,CHH_educated,CHL_educated,SHH_educated,SHL_educated,CHH_aggressive,CHL_aggressive,SHH_aggressive,SHL_aggressive,gender,age,income,race,socially_conservative,financially_conservative,ip_address,total_study_duration,completion_date,qual_id,latitude,longitude,implausible,purpose,unclear,occupation,education
85,6,6,6,6,2,2,2,2,5,5,5,5,3,3,3,3,4,4,4,4,5,5,5,5,5,5,5,5,4,3,3,3,5,5,5,5,2,3,2,2,5,5,5,5,5,5,5,5,5,5,5,5,2,2,2,2,6,6,6,6,3,3,3,3,5,5,5,5,6,6,6,6,5,5,5,5,3,3,4,3,Male,26,30000,"American Indian or Alaskan Native,White",2,3,98.21.146.30,362,1/10/20 16:52,R_3fwpgF3klXvM5IH,36.05299377,-95.7335968,no,How people of different ethnic background perceive other's facial expressions,No,Construction ,High School / GED
49,5,5,5,5,5,5,5,5,5,5,5,5,5,5,5,5,5,5,5,5,5,5,5,5,5,5,5,5,5,5,5,5,5,5,5,5,5,5,5,5,5,5,5,5,5,5,5,5,5,5,5,5,5,5,5,5,5,5,5,5,5,5,5,5,5,5,5,5,5,5,5,5,5,5,5,5,5,5,5,5,Male,29,70000,Asian,4,7,98.173.154.50,256,1/8/20 17:38,R_5vSMR0cjA2AeNPP,33.16169739,-117.2429047,"I don't judge people on their faces, not to mention these faces are so similar",How people make judgement based on a blurry face,no,Scientist,4-year College Degree
94,8,6,5,5,7,6,4,7,4,8,3,7,5,8,3,6,9,3,8,6,2,7,1,6,3,4,2,6,7,8,5,9,7,8,3,4,7,6,1,3,2,4,5,3,2,4,1,3,4,5,1,3,3,2,1,3,9,7,2,6,9,3,5,4,3,7,6,7,8,4,3,4,9,2,4,5,7,9,5,10,Male,37,90000,Asian,2,3,68.126.220.214,461,1/10/20 19:04,R_25HI0H1qOodLPRV,33.83580017,-117.9062958,the degree of manipulation of the image,How I judge an individual base on facial features,the instructions were clear,Nurse,4-year College Degree
97,6,6,6,7,6,5,5,6,5,6,6,5,4,5,4,4,4,5,6,6,6,6,6,6,6,7,6,6,6,7,7,7,2,6,2,5,3,7,3,4,8,4,7,6,3,4,3,6,2,7,2,5,8,3,6,6,6,6,5,6,4,5,5,7,5,6,7,7,5,4,4,6,5,6,4,4,4,5,4,7,Female,31,100000,Asian,1,3,23.241.235.92,319,1/10/20 20:46,R_3ffQ6PHro8n45za,34.00300598,-118.4297943,i'm not sure,rating traits based on limited information,no,Retail worker,4-year College Degree
15,9,10,7,9,7,9,8,10,4,8,4,6,8,8,6,9,7,8,8,8,6,6,8,9,7,8,10,9,6,6,8,8,6,9,6,8,8,6,8,8,7,6,8,7,5,7,7,8,7,9,4,8,8,4,7,9,7,7,5,9,7,5,8,8,7,7,6,7,7,7,8,8,7,7,7,8,7,8,8,9,Male,30,40000,Black or African American,9,10,24.7.219.172,356,1/8/20 14:09,R_z9hCMIe5N8bl721,44.78430176,-93.2201004,Good,Good,no,Marketing ,4-year College Degree
16,4,5,7,8,4,5,6,9,6,5,4,6,4,6,4,6,4,5,5,5,6,5,5,6,6,6,6,6,7,7,7,5,4,6,4,5,4,6,4,5,6,7,6,7,4,6,4,5,4,6,5,5,5,6,5,4,5,6,6,6,5,5,8,9,5,3,3,5,6,5,5,7,6,6,6,6,5,5,6,5,Male,29,30000,Black or African American,10,1,71.9.22.109,406,1/8/20 14:15,R_UtPpV6Pt92xJyb7,39.5381012,-119.8365021,No.,Determining how people view black faces on certain attributes; race studies.,No.,Unemployed,Some College
19,8,6,7,6,7,8,7,8,7,8,7,8,5,6,5,6,5,3,4,3,6,7,6,7,7,8,7,9,7,8,7,8,7,6,7,6,8,7,8,7,7,8,7,9,8,7,8,7,7,8,8,7,4,6,5,6,6,7,6,7,8,7,8,7,7,8,8,7,8,7,8,7,8,7,9,8,6,7,8,7,Female,38,70000,Black or African American,8,8,99.37.102.0,294,1/8/20 14:17,R_1EWIr4HGRzPRRb6,38.74009705,-90.62180328,no,no,no,sales manager,Masters Degree
23,6,6,6,6,6,6,6,6,6,6,6,6,6,6,6,6,4,4,4,4,6,6,6,6,8,8,8,8,5,5,5,5,6,6,6,6,6,6,6,6,5,5,5,5,6,6,6,6,7,7,7,7,5,5,5,5,6,6,6,6,6,6,6,6,4,4,4,4,6,6,6,6,7,7,7,7,5,5,5,5,Male,23,60000,Black or African American,1,1,99.110.169.64,392,1/8/20 14:21,R_2VQKmjfBIh5ogKt,39.95080566,-82.93289948,No,Discrimination and perception,No,Unemployed,Some College
25,6,6,7,7,7,8,9,8,8,9,8,7,7,8,9,9,7,8,7,5,7,6,8,8,7,6,8,7,6,7,8,8,7,8,8,9,7,8,8,6,6,7,8,9,9,8,9,10,9,8,9,8,9,8,9,10,6,7,8,9,8,7,8,9,8,7,8,9,7,8,9,7,8,6,8,8,10,8,8,9,Male,32,40000,Black or African American,8,9,192.181.24.225,667,1/8/20 14:41,R_3rNc7lsdWxGbuj5,41.58610535,-83.49299622,No,like,No,full time job,4-year College Degree
28,7,4,6,5,7,4,4,6,5,5,5,5,4,5,6,4,5,4,4,6,4,6,4,4,2,7,6,4,4,4,4,6,6,7,5,5,2,6,6,3,4,4,6,6,6,6,4,4,3,8,4,5,7,5,7,6,4,4,4,4,3,4,5,4,4,4,4,7,4,9,9,4,7,7,7,5,7,7,3,6,Female,43,60000,Black or African American,5,7,208.111.119.120,589,1/8/20 14:53,R_3prSQwCnMAYgriL,31.80969238,-86.62310028,no,How people react to certain features.,no,Microbiology,4-year College Degree
30,9,5,2,9,6,9,6,9,2,9,2,9,2,9,5,9,10,2,9,6,3,8,3,8,5,9,9,9,9,2,9,2,3,5,1,4,2,6,1,6,9,2,9,6,3,9,3,9,2,9,2,6,8,2,9,7,9,6,6,9,9,3,3,6,2,9,9,2,9,9,6,6,9,6,3,8,9,6,3,8,Female,30,90000,Black or African American,2,5,185.229.59.47,631,1/8/20 15:03,R_3OpiSonMRQ6kaGV,39.03970337,-94.59359741,None,Impression of character based on facial imagery ,None,Sales Associate,2-year College Degree
48,8,9,10,8,7,8,9,9,3,5,5,6,9,8,9,10,5,6,8,8,7,8,9,10,7,8,9,10,9,9,10,9,8,8,9,9,10,10,10,10,8,8,9,10,10,10,10,10,10,10,10,10,10,10,10,10,10,10,10,10,9,8,10,10,7,8,8,10,6,7,7,9,9,8,9,10,8,8,9,10,Male,30,40000,Black or African American,9,10,73.60.137.239,457,1/8/20 17:33,R_8cCYXH1MLSkjWbD,42.55110168,-71.2559967,no,Educational,No,Marketting,4-year College Degree
65,6,3,2,7,8,2,1,5,2,8,2,3,2,5,4,3,9,3,7,6,3,8,4,5,4,7,4,3,4,2,6,7,1,6,4,5,3,6,4,4,8,7,7,8,4,2,6,3,2,7,6,4,6,7,8,7,8,5,6,2,5,6,4,3,5,3,4,7,2,9,4,3,3,7,4,5,9,2,8,6,Male,28,40000,Black or African American,5,5,71.229.87.207,976,1/10/20 15:44,R_s87RVJR6oR1EsjD,32.07730103,-81.09010315,no,Feelings on blurry photos,no,self employed,4-year College Degree
74,8,6,6,7,6,8,7,5,5,4,5,6,2,4,4,7,8,6,9,5,2,5,6,6,4,7,5,6,7,5,6,5,3,6,4,5,2,7,4,6,9,6,10,7,2,5,6,7,2,4,4,6,8,4,7,6,4,5,5,6,5,5,4,7,7,7,6,5,5,4,5,7,7,6,4,5,4,4,4,6,Male,29,40000,Black or African American,7,1,71.12.157.234,697,1/10/20 16:16,R_2xMfoHgusKhcaa5,33.02490234,-84.95770264,Just the fact that I was doing the same face,Judging people by their facial expressions ,No,Janitor,Some College
84,3,5,5,8,8,5,6,3,8,6,5,3,4,3,2,2,3,6,6,8,7,9,4,6,6,7,3,5,5,6,2,3,2,8,4,7,1,4,2,4,6,4,6,5,2,8,4,6,2,8,5,5,1,6,3,3,5,6,8,3,2,2,2,2,7,5,3,5,4,8,7,6,3,6,7,6,7,2,4,6,Male,44,70000,Black or African American,1,1,73.7.32.56,3154,1/10/20 16:48,R_3pnII7B6BJJr4MF,33.91349792,-84.68589783,No,I don't know,Everything was clear. ,Engineer,4-year College Degree
86,8,6,6,8,6,9,8,9,4,9,4,8,1,5,1,3,9,3,10,6,3,9,2,6,2,9,4,6,9,3,7,5,3,9,1,4,1,4,1,1,7,2,10,8,2,9,3,5,2,8,2,6,5,3,3,8,6,8,7,4,1,1,1,1,2,6,8,5,7,9,6,5,7,9,5,4,6,3,6,8,Male,36,70000,Black or African American,1,9,23.19.74.164,1752,1/10/20 17:29,R_ZwVfM2RhzTnuuNH,34.07290649,-118.2606049,no,identifying personalities on different faces,no,distribution manager,4-year College Degree
87,7,6,4,8,8,7,8,5,8,7,8,7,8,4,7,6,3,4,4,8,3,4,8,6,8,4,8,4,2,8,3,7,8,3,7,6,7,4,6,5,2,3,5,4,3,8,6,8,7,3,7,6,8,3,7,6,8,7,7,5,4,8,7,5,8,3,5,4,8,7,8,3,4,5,8,5,2,7,4,7,Male,27,50000,Black or African American,3,4,173.79.47.227,399,1/10/20 17:32,R_3F4EtA22h7HCzkc,39.08279419,-77.16739655,no,to see how biased I am,no,waiter,Some College
100,5,6,6,6,3,4,3,9,5,5,6,6,3,6,5,5,9,2,5,5,2,9,3,6,6,8,2,3,2,5,5,6,2,7,4,4,2,7,4,5,5,5,5,5,2,8,5,5,3,7,4,5,2,5,7,6,5,5,5,5,3,3,3,6,5,5,3,5,6,6,6,6,3,6,5,8,8,4,4,7,Male,34,80000,"Black or African American,Hispanic",1,1,158.222.214.156,652,1/11/20 0:42,R_2v95dybg9DO4Kjy,40.82310486,-73.95130157,No.,If people are bias towards strangers.,No.,Graphic Designer,4-year College Degree
11,8,8,8,8,3,3,3,3,6,7,6,7,1,1,1,1,6,5,6,7,2,3,3,2,1,2,1,2,7,7,8,8,5,5,5,5,1,1,1,1,2,3,2,1,1,3,3,4,1,1,1,1,8,7,8,7,6,6,6,6,1,1,2,1,7,8,8,7,5,5,5,5,1,1,1,1,6,6,6,6,Male,38,80000,"White,Hispanic",3,8,107.210.239.48,321,1/8/20 13:56,R_1YqhAEzIJ4M1zO1,36.86329651,-87.48480225,"The images were barely different, if at all. Thus, most of my 4 responses were similar with little variation.",To see if we considered a black male in a negative light with minimal variation in the photos.,No,Writer,4-year College Degree
18,9,4,2,9,4,5,10,3,8,6,1,3,8,8,3,4,10,1,4,2,8,6,3,3,1,4,3,5,8,5,4,1,1,2,1,5,3,5,9,7,3,4,5,2,1,4,7,3,2,8,10,10,9,3,8,9,7,10,4,8,4,3,3,2,1,5,2,2,3,2,3,2,3,4,5,2,10,1,3,5,Male,22,40000,"White,Hispanic",1,1,99.57.35.40,2960,1/8/20 14:17,R_SPk11CqBov8c7PH,42.35400391,-87.86750031,no,peoples perceptions.,no,data entry,High School / GED
21,8,2,8,5,5,8,8,7,8,6,8,6,4,7,5,8,8,5,8,6,5,9,5,7,3,7,5,6,7,6,8,6,5,8,5,8,7,9,5,7,5,8,7,8,6,8,5,6,8,9,9,8,8,8,5,8,8,6,7,6,8,5,7,6,8,6,7,6,8,8,9,8,7,9,9,8,8,8,9,8,Female,28,40000,"White,Hispanic",8,9,2.56.32.113,776,1/8/20 14:20,R_1cXP4XjB5zk1W1T,47.60920715,-122.3314056,good,nothing,none,markting,4-year College Degree
26,9,9,9,9,7,7,7,7,9,8,8,8,9,8,8,8,8,8,7,7,8,7,7,8,8,7,7,7,7,6,6,6,7,6,6,6,7,7,7,7,8,7,7,7,8,7,6,6,8,7,7,7,8,8,8,9,6,6,6,6,8,7,7,6,6,6,6,6,9,8,8,8,7,8,8,9,7,7,7,7,Male,32,60000,"White,Hispanic",2,8,207.58.132.87,550,1/8/20 14:45,R_3F4KnCZtai7ZlRM,38.92999268,-77.34999847,its nothing,judging,no,self employed,4-year College Degree
32,7,7,7,4,8,8,8,3,3,6,6,4,3,7,6,3,8,3,4,7,7,7,6,5,8,7,6,4,2,3,3,7,3,8,7,4,3,7,5,3,8,3,5,7,7,7,6,4,3,7,6,4,3,4,3,7,3,8,7,3,2,7,6,3,8,4,4,9,3,9,7,4,3,8,6,3,8,3,6,9,Male,31,70000,"White,Hispanic",4,8,67.84.85.155,660,1/8/20 15:05,R_1OSSgqLjhJyjJEi,40.66650391,-73.54550171,Nothing at all.,The purpose of this study was to gauge how participants felt towards certain images of people and to test their bias.,The instructions were clear and easy to understand.,Manager,4-year College Degree
35,1,1,1,3,1,1,1,1,1,1,1,1,1,1,1,1,10,8,10,8,1,3,1,3,1,3,1,3,10,1,10,1,1,1,1,1,1,3,1,1,10,10,10,10,1,2,1,1,1,3,1,3,10,10,10,10,1,1,1,1,1,1,1,1,8,10,9,10,1,4,1,1,2,2,1,4,10,10,10,10,Female,25,30000,"White,Hispanic",5,10,108.240.152.150,282,1/8/20 15:29,R_1ohAxRHpPDQh9ga,36.19740295,-121.1322021,Nothing,To see if I liked a person based on a low quality image.,No,Computer Science,Some College
55,10,8,7,10,8,9,10,8,6,7,5,9,3,4,6,9,1,9,8,8,4,7,9,7,7,6,7,5,7,8,8,1,4,8,4,4,7,8,6,4,2,5,5,1,8,10,1,9,7,8,3,4,1,8,1,3,10,4,2,10,7,10,7,6,5,3,4,2,5,9,4,9,7,4,7,8,6,10,8,2,Female,40,70000,"White,Hispanic",1,1,99.57.35.40,446,1/10/20 15:33,R_2ygDdHiv1HyddpL,42.35400391,-87.86750031,"No, all was clear.",People's perception of random facial emotions.,No.,data analyst,4-year College Degree
61,8,5,7,6,7,4,6,6,9,5,6,6,5,3,3,4,7,5,5,6,4,6,6,5,4,6,5,5,6,2,3,3,4,5,5,6,7,5,5,7,4,5,5,6,7,5,6,6,6,4,6,7,5,5,8,7,7,6,5,5,7,5,6,6,6,5,5,6,7,5,5,6,6,6,5,5,5,4,5,5,Male,20,100000,"White,Hispanic",1,1,172.58.107.82,485,1/10/20 15:40,R_2S7dTcChhLBbCZ9,32.66090393,-97.03420258,Nothing striked me as implausible or strange.,The purpose of the experiment was to see the perception of the faces.,The instructions were clear.,IT Manager,2-year College Degree
69,4,8,6,8,6,2,6,5,7,4,8,7,7,9,7,5,4,5,7,4,4,8,5,7,9,5,8,5,4,7,5,9,8,4,6,7,5,7,3,7,8,3,5,8,8,4,6,8,4,7,4,7,6,3,6,5,4,6,5,8,7,3,7,5,5,6,4,8,8,5,6,4,5,7,4,9,6,2,6,7,Male,29,50000,"White,Hispanic",5,8,2.56.32.78,241,1/10/20 15:51,R_426Tsi9FHKn5PfH,47.60920715,-122.3314056,No,Nothing,No,Production Manager ,Masters Degree
1,3,3,3,3,3,3,2,2,3,2,3,2,3,1,2,3,2,2,1,3,3,2,3,2,3,2,3,3,3,2,3,3,3,2,2,3,2,1,2,2,3,2,3,3,2,1,2,2,3,2,2,3,3,2,2,3,3,2,3,3,4,2,3,2,2,2,3,2,2,4,3,3,4,2,2,2,9,9,9,8,Female,23,30000,White,3,2,98.121.32.139,227,1/8/20 13:28,R_erOdlzCWgNDZ9wl,35.86390686,-78.53500366,na,Impressions of people based on their looks/expression.,no,caregiver,Some College
2,6,10,6,10,10,6,10,10,9,9,7,9,8,8,8,8,2,2,3,2,9,9,6,9,6,6,6,6,9,3,6,3,2,9,6,9,5,6,5,6,10,2,2,2,7,10,7,10,6,6,6,6,10,4,7,4,3,8,8,8,7,7,7,7,2,2,2,2,8,8,6,8,6,6,6,6,4,3,3,3,Female,39,70000,White,2,9,162.251.221.196,324,1/8/20 13:30,R_2XiH2jnmLBqn49y,36.34620667,-85.91889954,No.,Opinions on faces,Yes,Administrative Assistant,2-year College Degree
3,3,4,6,6,2,5,6,8,4,5,6,7,3,7,5,6,4,8,5,5,3,6,8,7,5,3,8,6,3,7,6,4,3,8,4,6,3,7,4,6,8,6,7,6,2,6,4,7,4,7,5,7,8,7,5,6,4,5,6,6,3,4,6,6,8,5,6,5,3,4,8,5,3,4,5,6,3,6,8,6,Male,50,50000,White,1,2,67.169.209.224,375,1/8/20 13:31,R_Acl7TCOQiKp3kEF,44.59280396,-123.2745972,The grainy photos,I'm not really sure,none,Technical Support Lead,4-year College Degree
4,6,4,5,5,7,5,5,7,3,7,5,5,3,5,4,3,8,4,7,5,6,7,5,5,4,7,6,7,4,5,7,6,3,6,4,5,3,5,4,3,7,4,7,5,4,6,5,5,4,7,6,5,7,5,6,5,5,4,5,4,4,3,3,3,8,5,5,6,4,7,7,5,4,5,6,4,7,4,5,7,Male,56,30000,White,7,8,71.182.225.191,419,1/8/20 13:36,R_BFgmww9BrLGKjex,40.53790283,-79.96420288,Really tough to come to a conclusion based on a blurry photo,Impressions given limited resources,no,Maintenance,2-year College Degree
5,9,7,7,4,9,7,8,8,4,9,8,9,2,7,4,7,9,7,3,4,4,8,5,5,3,9,4,4,7,7,4,3,1,9,2,7,4,3,2,7,10,4,7,5,3,8,1,5,2,4,3,7,10,3,8,5,8,9,7,8,2,8,4,5,4,9,3,5,7,8,5,7,5,4,7,5,7,3,4,3,Female,28,30000,White,1,1,108.66.4.224,289,1/8/20 13:40,R_1n0eXCotlJ8hbF5,37.2507019,-121.8359985,Some of the faces looked unnatural.,Probably something about racism,No,illustration,2-year College Degree
6,8,6,3,9,8,3,8,8,8,9,4,9,8,5,3,7,9,5,3,8,9,4,7,8,9,3,7,6,8,3,8,6,5,7,3,6,8,6,3,8,9,5,3,8,8,4,8,3,9,6,10,5,9,9,5,7,9,5,9,9,9,4,7,5,6,9,4,8,9,6,4,8,9,4,7,4,9,5,7,8,Male,53,60000,White,10,9,23.81.152.134,316,1/8/20 13:44,R_2XoCItzzDLcxA3n,41.8500061,-87.71649933,No,It is a study investigating how human perception works conducted by New York university.,No, Data Analyst,4-year College Degree
7,9,9,6,7,3,2,4,5,9,9,7,7,7,5,5,4,3,5,4,7,8,6,5,6,7,8,8,7,3,2,5,6,8,8,6,6,4,6,7,6,4,3,7,7,8,9,6,5,3,8,6,8,3,3,6,5,8,9,7,6,3,3,6,5,7,7,3,4,8,8,8,6,8,8,8,7,2,3,2,5,Female,62,30000,White,10,10,73.169.119.154,393,1/8/20 13:45,R_26kWrqAsmcSAZm1,39.58839417,-105.0775986,The same faces appeared in randomized order.  ,Initial impressions of people - preconceived judgments.,They were very clear.,Banker,4-year College Degree
8,1,1,1,1,1,1,1,1,1,1,1,1,1,1,1,1,8,8,8,9,1,1,1,1,3,3,3,2,9,9,9,9,1,1,1,1,1,1,1,1,9,8,8,8,1,1,1,1,1,2,1,1,8,9,8,8,1,1,1,1,1,1,1,1,8,8,9,8,1,1,1,1,1,1,1,1,8,10,10,9,Male,27,80000,White,5,5,100.4.220.8,267,1/8/20 13:50,R_3saUWrngNU0PbtP,42.71980286,-73.8207016,yes everyone looked the same to me.,"I have no idea, All them people looked the same to me.",No it was very clear.,Retail manager,Some College
9,3,9,6,8,5,9,7,6,4,7,5,8,5,8,7,9,5,8,7,10,4,8,6,4,4,8,6,5,6,9,6,8,9,6,7,8,5,9,7,3,5,8,7,6,5,8,7,6,6,9,7,9,5,6,9,7,6,4,7,8,9,5,7,8,9,5,7,6,5,7,9,7,5,8,6,9,5,7,9,5,Male,30,90000,White,6,9,181.177.84.174,353,1/8/20 13:54,R_2S3waJ5PttqHhnX,40.70640564,-73.94730377,none, social impressions of people,nothing,MANAGER,Masters Degree
10,7,4,6,3,8,5,7,3,4,7,5,3,4,7,5,4,7,4,9,6,3,8,6,7,4,7,6,4,8,6,8,5,3,9,4,8,4,8,2,6,8,6,8,3,4,5,2,3,3,6,2,3,8,5,8,6,4,8,6,9,4,3,5,4,8,3,9,7,4,7,2,4,4,5,3,8,5,3,8,9,Female,21,40000,White,1,1,75.129.106.26,298,1/8/20 13:54,R_3dFEvTl9j2jbv2B,43.60549927,-84.77960205,No,To rate similar faces,No,sales,2-year College Degree
12,8,5,4,7,8,8,4,7,8,9,5,7,8,9,8,5,3,2,3,7,9,8,6,4,9,7,4,5,3,5,3,7,7,9,8,5,3,9,7,4,7,8,4,9,8,7,7,4,8,9,5,3,3,4,6,8,4,3,7,7,8,9,9,9,8,2,3,9,4,2,9,7,8,4,9,7,8,9,2,7,Female,64,50000,White,9,8,24.192.109.103,675,1/8/20 13:56,R_31S3cF8iCdLxXD0,27.73849487,-82.64019775,Some of the faces looked identical on some of the pages.,"To see if a person's race affects if I think they are honest, docile, etc.",No,Quality Control Analyst,4-year College Degree
13,4,4,6,7,5,4,7,6,4,4,4,5,3,4,3,3,7,6,6,7,5,6,4,5,8,5,7,6,6,4,6,4,6,3,5,4,4,2,5,3,6,5,6,7,6,4,5,5,6,4,5,4,5,7,6,4,7,5,4,5,7,4,6,6,7,4,5,6,5,5,4,5,4,5,2,4,8,7,6,8,Male,30,30000,White,6,6,76.26.171.123,779,1/8/20 14:00,R_1mzxr2WXFjOnYT3,27.40490723,-80.36229706,no,i am not sure,no,cook,Some College
14,9,8,2,4,9,1,1,1,7,9,3,4,5,3,2,5,7,3,8,5,7,9,5,8,6,9,8,7,4,2,2,3,1,10,9,5,1,6,6,3,9,2,5,3,2,9,8,9,3,8,9,6,9,3,1,2,8,10,9,3,4,2,2,3,2,7,6,2,8,9,9,10,8,4,6,8,3,2,2,7,Female,46,30000,White,5,7,73.66.240.119,473,1/8/20 14:03,R_3ehnr0RIOInCMV6,39.50799561,-121.4570999,No,To see what kind of judgments people make on how someone looks.,No,writer,4-year College Degree
17,5,5,3,3,8,8,6,4,4,7,4,5,3,6,6,7,8,4,8,6,3,7,4,5,3,5,5,8,5,5,4,4,3,7,4,4,3,7,3,5,7,4,8,5,3,7,2,5,3,7,4,5,8,6,7,5,3,6,6,5,4,5,4,3,5,4,5,6,3,7,2,4,3,6,6,6,3,4,7,6,Female,58,100000,White,5,5,75.81.217.186,357,1/8/20 14:16,R_3rIEZT3yxkhB5P8,37.5657959,-85.26679993,no,judgement based on outward appearance,no,comptroller,2-year College Degree
20,1,10,1,1,1,2,3,4,2,2,2,2,2,2,2,2,3,3,3,3,1,1,1,1,1,1,1,1,3,5,3,4,9,9,9,9,7,7,7,7,7,7,7,7,3,3,3,3,6,6,6,6,3,3,3,3,5,5,5,5,5,5,5,5,4,4,4,4,8,8,8,8,6,6,6,6,10,9,8,8,Male,50,60000,White,3,8,67.184.201.18,296,1/8/20 14:18,R_3ph8kOnCTci5ltx,42.39549255,-88.167099,I thought the faces were all the same except they had different pixelation so I answered the same for each figure,To study on how human perception works,Nope,Director of marketing,4-year College Degree
22,2,2,1,1,4,4,1,1,2,2,2,3,2,3,2,2,8,7,9,9,2,4,3,2,2,2,2,2,8,7,9,9,2,4,3,2,1,4,1,2,9,7,9,9,2,4,3,2,2,4,2,4,9,7,9,9,1,1,2,1,1,1,2,1,9,9,10,10,2,1,1,1,2,3,2,2,9,8,7,9,Male,42,60000,White,9,10,70.167.246.209,500,1/8/20 14:20,R_ThLxvEv6880PY8p,38.87539673,-77.38529968,"It seems controversial to ask these questions about obviously all black young males, but I was honest, even though this study makes me feel a bit racist now.",no idea,no,sales administration,2-year College Degree
24,7,8,6,5,9,7,7,7,7,6,5,7,7,7,5,6,3,3,4,4,4,7,4,6,4,8,5,7,4,2,6,5,7,8,4,5,4,7,3,6,9,5,9,9,3,6,4,5,3,7,2,6,8,4,8,8,8,7,8,7,8,7,8,8,6,7,6,6,7,7,7,7,8,8,8,8,3,3,3,3,Female,59,50000,White,5,5,173.198.160.217,513,1/8/20 14:39,R_SPo1yNwyGkpOEfv,43.96009827,-111.6975021,"No, it's just hard when the faces are the same person, it would be easier if they were different.",Bias ,All instructions were clear.,Manufacturing,2-year College Degree
27,3,3,3,2,2,2,2,2,3,3,3,3,4,3,2,2,7,7,8,10,4,4,4,4,4,3,1,1,8,9,10,10,4,4,4,4,3,3,3,3,6,7,8,10,4,3,3,2,4,4,3,2,6,6,8,9,1,1,1,1,3,3,2,2,8,8,9,10,3,3,3,3,4,4,4,2,8,8,8,10,Female,38,50000,White,8,8,174.49.163.171,482,1/8/20 14:49,R_24LUxWsX7pQ5Y1r,40.17779541,-77.23280334,no,judgement based on photos,no,supervisor,Some College
29,7,6,7,6,5,8,7,7,6,6,5,7,5,4,6,7,6,5,5,7,5,6,4,6,6,5,5,6,4,4,6,6,6,7,6,7,6,4,7,7,5,4,6,7,7,5,7,4,6,7,5,6,5,6,6,5,5,5,6,6,6,5,6,6,5,4,5,5,6,5,5,7,6,5,5,6,5,4,6,5,Male,34,40000,White,7,7,69.201.57.161,152,1/8/20 14:55,R_3TWPpcDTAaXti0h,43.97709656,-75.90930176,No.,Determine if we're racist.,No.,Dental Assistant,4-year College Degree
31,6,6,6,6,6,6,6,6,6,6,6,6,5,5,5,5,5,5,5,5,6,6,6,6,6,6,6,6,5,5,5,5,6,6,6,6,5,5,5,5,5,5,5,5,6,6,6,6,5,5,5,5,5,5,5,5,6,6,6,6,5,5,5,5,5,5,5,5,6,6,6,6,6,6,6,6,5,5,5,5,Male,27,30000,White,6,5,68.60.80.183,277,1/8/20 15:03,R_rj2GCGzg8WTpdjH,42.99789429,-82.4571991,no,unsure,no,programmer,High School / GED
33,6,5,5,3,6,4,5,4,4,7,6,6,6,7,4,5,7,6,7,6,3,5,6,4,7,5,4,6,7,5,4,6,4,7,4,5,4,6,5,5,7,4,6,8,4,5,4,6,5,7,3,5,6,8,4,7,6,7,8,6,4,5,6,4,7,5,6,8,5,4,7,4,4,6,7,5,7,5,8,7,Male,43,60000,White,8,4,151.196.6.6,644,1/8/20 15:20,R_1kU13HznMkevGmp,39.07150269,-76.69629669,No.,Facial characteristics and impressions.,No.,Computer Studies,Some College
34,7,4,5,8,3,7,3,7,4,7,4,7,3,6,3,6,5,5,5,5,3,7,3,7,7,7,7,7,4,4,6,4,4,8,4,8,4,7,4,6,7,4,7,4,4,6,4,6,7,7,7,7,7,4,7,5,4,7,5,7,3,7,3,7,4,4,4,4,3,7,7,3,7,7,7,7,6,4,4,4,Female,45,30000,White,4,7,99.125.117.165,568,1/8/20 15:24,R_tR6jNA5N47M8Ny1,35.94709778,-87.29959869,"A lot of the photos looked the same to me, just with the image being distorted. I just tried to evaluate them separately though.",How people make impressions of other people based off of their appearances.,"No, everything was clear.",Transcriber,2-year College Degree
36,4,5,3,6,4,6,5,6,6,5,4,7,4,3,7,4,8,2,5,4,4,7,5,8,5,9,3,7,8,3,7,4,5,7,4,6,3,7,5,6,3,6,4,8,3,7,4,6,3,4,3,5,4,3,4,3,5,4,8,6,3,6,7,4,6,8,4,6,4,6,5,8,2,3,5,4,2,5,4,7,Female,51,30000,White,1,1,67.49.126.95,1264,1/8/20 15:36,R_2ebaCzasQjB7mb9,34.16189575,-116.4335022,No,To see how people evaluate another persons by their looks.,All instructions clear.,Communications,2-year College Degree
37,8,8,6,7,7,8,7,8,7,7,7,5,5,5,5,5,4,3,3,4,8,7,6,8,6,7,6,8,2,3,3,5,6,7,8,7,5,4,4,4,4,4,3,3,5,5,5,5,6,6,6,6,4,3,2,3,7,7,7,7,4,5,6,5,4,4,3,3,8,8,9,7,7,7,8,7,5,2,2,5,Female,30,30000,White,2,2,73.79.231.4,741,1/8/20 15:39,R_2yfPbDK5jyRLhF3,40.47250366,-79.9108963,no,,no,Waitress,High School / GED
38,6,6,6,6,5,5,5,5,4,5,4,8,5,5,6,6,5,5,5,6,6,5,5,6,6,6,6,6,6,5,5,5,5,5,5,5,4,4,4,4,4,5,5,4,5,6,7,6,6,6,6,6,6,6,6,6,6,5,5,5,5,5,6,7,5,6,5,4,6,5,4,6,4,5,4,8,5,8,5,5,Male,26,30000,White,1,1,73.20.224.75,374,1/8/20 15:50,R_3esIemtYRoQB1GP,33.47239685,-82.08889771,no,Judging peoples' racial biases,no,unemployed,Masters Degree
39,5,6,4,4,5,6,3,4,5,6,5,5,4,5,5,4,5,4,6,5,6,7,6,6,5,6,7,6,5,4,6,6,5,7,6,6,4,5,5,6,7,5,6,6,5,6,5,6,4,6,5,6,7,6,8,7,6,7,6,7,4,5,5,4,5,4,6,5,6,7,7,6,6,5,6,7,5,6,8,7,Female,55,30000,White,7,6,104.35.170.65,719,1/8/20 16:01,R_2AXOLMVXlt22znz,34.14830017,-118.0016022,no,I don't know,no,Cosmetologist,High School / GED
40,10,10,8,8,10,10,9,9,8,9,8,8,6,6,6,7,7,6,6,6,8,7,7,7,8,8,6,7,7,5,7,5,6,9,6,9,4,8,6,7,9,4,5,4,2,6,4,8,3,8,6,8,9,3,8,8,10,9,7,9,6,6,6,6,5,5,6,5,9,8,7,8,8,8,8,8,6,6,5,6,Female,65,50000,White,3,3,75.141.194.130,412,1/8/20 16:10,R_2655zuRrDoovQyN,39.52490234,-119.8130951,no,I don't know,no,educator,4-year College Degree
41,1,6,1,3,2,5,2,5,7,1,3,2,3,3,2,6,4,5,5,8,5,5,2,6,3,6,8,6,3,9,9,8,2,4,5,2,2,5,3,2,9,4,4,7,1,2,5,5,3,7,3,2,10,3,7,7,1,2,6,3,2,2,1,5,7,6,3,7,2,3,6,6,2,3,6,5,10,8,3,7,Female,32,70000,White,5,5,35.142.112.46,318,1/8/20 16:15,R_2sSyZ0KjMIFdVZz,28.23649597,-82.3289032,The fact that the images were very hard to make out was odd,Studying stereotypes,No,Nurse,2-year College Degree
42,6,5,5,6,6,5,5,4,6,6,6,6,6,5,5,6,5,5,4,4,6,7,8,7,8,5,6,5,3,3,3,3,5,6,5,6,4,6,5,5,6,4,5,5,4,6,4,5,5,6,4,6,6,5,4,4,6,6,6,6,5,5,6,6,5,4,4,4,6,6,7,6,5,5,7,5,5,5,3,5,Male,27,30000,White,1,1,76.22.20.90,453,1/8/20 16:50,R_3PpqGCQYyEs4tel,47.14349365,-122.1678009,I thought it was strange that the faces usually looked very similar.,To determine how expressions affect perceptions.,No,Mturk worker,High School / GED
43,10,8,10,9,10,10,8,10,10,9,10,9,10,8,9,6,10,9,8,7,10,9,9,9,10,9,10,9,10,9,10,9,8,9,10,8,8,7,9,8,9,8,9,8,9,4,8,9,10,8,9,10,10,9,9,10,9,9,9,8,10,9,10,9,8,9,9,8,10,9,10,7,10,9,10,9,10,8,10,9,Female,29,90000,White,9,10,50.239.137.22,326,1/8/20 17:01,R_ekviZKvLOnIppol,37.75100708,-97.8219986,nope,the main purpose is to know Perception is our ability to identify and process information about the world around us.,nope,engineer ,Masters Degree
44,8,10,7,9,7,10,7,9,8,10,5,9,6,9,7,10,8,10,6,8,8,10,6,9,8,10,7,10,8,10,7,9,8,10,7,10,8,10,7,9,8,10,7,9,6,9,5,10,8,10,6,9,8,10,6,8,8,10,6,7,8,10,6,8,7,9,5,10,7,10,9,5,8,10,6,8,8,10,6,7,Female,27,80000,White,10,8,50.239.137.55,3829,1/8/20 17:03,R_2zwn9OBegKGjUJ8,37.75100708,-97.8219986,No,Photo ratingf,No,IT manager,Masters Degree
45,8,10,7,9,8,10,7,9,6,10,8,9,8,10,7,9,8,10,7,9,10,8,5,9,8,10,6,9,7,10,9,10,8,10,9,10,8,10,10,10,7,10,7,8,7,10,6,9,8,10,7,9,7,10,7,9,6,9,7,10,7,9,7,10,8,10,7,9,7,10,6,9,8,10,6,9,8,10,9,7,Female,28,90000,White,10,6,50.239.137.68,436,1/8/20 17:06,R_3Gvme6vQ2yVUXNH,37.75100708,-97.8219986,No,Photo study,No,Software management,Masters Degree
46,7,4,5,7,6,6,3,3,5,7,5,7,4,7,3,6,8,6,8,6,6,7,6,7,7,8,5,6,6,7,7,5,4,7,3,5,3,7,3,4,8,6,8,6,4,6,3,6,3,5,3,5,8,7,8,6,7,7,7,7,5,5,5,6,6,6,6,5,6,8,5,6,4,4,4,5,7,7,7,7,Male,30,40000,White,6,6,73.230.105.188,1052,1/8/20 17:30,R_3PEJ6SPSPo3w2yA,39.83070374,-77.21769714,the pay was not worth the eye strain.,"seeing if the clearer you saw someones face the more you might like them or visa versa, I felt more negative towards peoples faces that were more blurry.",they were clear,mturk worker,High School / GED
47,6,6,6,6,6,6,6,6,6,6,6,6,6,6,6,6,5,5,5,5,6,6,6,6,6,6,6,6,6,6,6,6,6,6,6,6,6,6,6,6,5,5,5,5,6,6,6,6,6,6,6,6,5,5,5,5,6,6,6,6,6,6,6,6,5,5,5,5,6,6,6,6,6,6,6,6,5,5,5,5,Male,22,50000,White,1,1,76.5.109.91,218,1/8/20 17:32,R_33jQXCoCDgdxOW4,40.17779541,-77.23280334,No,Impressions of others based on photos,No,Retail,High School / GED
50,6,8,7,9,5,8,7,9,3,8,8,3,3,8,6,5,7,3,3,7,3,8,7,8,5,8,4,8,6,4,7,3,3,8,5,8,3,8,8,6,7,3,6,5,3,8,5,7,3,9,7,7,8,4,6,3,8,7,8,6,4,8,8,5,5,3,5,5,7,7,7,4,7,5,8,7,6,4,8,4,Male,34,100000,White,5,10,104.48.32.177,455,1/8/20 17:56,R_1mx9F5qN2afbzkV,43.39549255,-87.87969971,no,judging people on looks,no,underwriter,4-year College Degree
51,8,9,8,5,10,8,7,9,9,8,9,10,8,9,8,7,9,7,10,8,8,9,5,10,8,10,6,9,9,2,10,5,10,8,9,7,8,9,8,7,8,9,9,10,8,10,9,8,8,10,9,8,9,10,6,9,10,9,7,7,8,10,9,7,8,9,9,7,9,10,9,8,8,9,9,10,9,7,10,8,Female,19,60000,White,7,9,196.16.108.112,190,1/10/20 15:28,R_22mj5WfAXq2n37S,34.05439758,-118.2440033,nice,good,no,data analys,4-year College Degree
52,2,1,7,8,3,4,7,8,9,8,4,4,7,6,3,3,3,2,6,7,7,7,4,3,9,9,4,4,6,6,8,5,7,7,5,6,7,8,4,3,6,6,2,4,3,6,5,4,8,9,4,4,3,2,7,8,8,5,4,2,7,7,4,3,2,2,7,8,8,7,4,2,8,9,6,3,2,2,8,9,Female,29,60000,White,1,1,68.13.242.97,303,1/10/20 15:30,R_qC4BEIcivY3JJHX,36.09440613,-95.97170258,no,How we judge based on appearance,no,personal shopper,High School / GED
53,6,4,3,6,9,8,5,7,3,8,5,4,2,5,6,4,4,3,2,5,2,10,7,6,4,9,7,5,7,2,7,7,4,9,3,4,3,8,2,6,7,2,6,5,3,9,4,4,3,9,4,5,5,2,5,6,4,6,7,4,3,5,5,4,7,3,4,5,4,7,6,5,5,6,8,6,3,3,3,4,Male,31,30000,White,1,1,216.16.45.57,326,1/10/20 15:30,R_dnhsQ0eYte7ABcl,43.6289978,-95.60590363,no,attractiveness / racial bias,no,retail,Some College
54,6,6,4,6,5,5,2,4,4,7,4,4,5,6,5,6,6,7,6,7,6,6,6,5,6,6,6,6,2,2,3,4,4,5,5,5,4,5,5,4,7,4,4,5,5,6,6,5,6,6,6,6,4,2,2,4,5,5,5,5,5,5,5,5,6,7,6,7,5,6,6,4,6,6,6,5,7,7,4,7,Female,33,90000,White,8,8,66.75.39.47,362,1/10/20 15:31,R_3niuxrSBJUz9ug5,32.79670715,-117.1367035,No,How different distortions effect the way we think about someone.,None,Freelancer,4-year College Degree
56,7,7,7,7,8,8,8,8,6,6,6,6,6,6,6,6,6,6,6,6,6,6,6,6,6,6,6,6,6,6,6,6,6,6,6,6,6,6,6,6,6,6,6,6,6,6,6,6,6,6,6,6,7,7,7,7,6,6,6,6,4,4,4,4,6,6,6,6,6,6,6,6,6,6,6,6,5,5,5,5,Female,28,50000,White,1,1,186.65.117.239,502,1/10/20 15:34,R_ZwqobgZ1sL1h10R,40.75030518,-74.00140381,none,Perception is our ability to identify and process information about the world around us,nO,FINANCIAL HEAD,4-year College Degree
57,8,9,7,7,8,8,8,7,4,7,8,5,5,5,5,5,6,3,3,6,7,8,8,6,7,6,6,5,3,2,2,5,4,7,5,6,8,6,4,4,7,4,4,6,7,6,5,6,4,4,4,6,5,4,3,5,6,8,9,5,4,4,5,3,4,8,8,4,5,7,7,4,7,6,7,6,5,5,3,6,Other,39,30000,White,1,1,47.208.114.47,394,1/10/20 15:35,R_AdidRrGp2Uw9nON,40.87649536,-124.0760956,It might be the same person with a manipulated face.,Perceptions of an African-American male based on our demographics.,No.,Educator,Masters Degree
58,1,2,6,8,7,7,7,7,6,6,6,6,7,7,7,7,6,6,6,6,6,6,6,6,7,7,7,7,1,1,1,1,3,6,6,6,6,6,6,6,6,6,6,6,2,7,4,6,6,6,6,6,1,1,1,1,6,6,6,6,6,6,6,6,2,2,8,8,6,6,6,6,6,6,6,6,1,1,1,1,Female,32,70000,White,3,3,98.200.8.39,264,1/10/20 15:35,R_3MxR4ldGXJoLQQX,29.72120667,-95.36260223,no,opinions of faces,no,teacher,Masters Degree
59,5,1,4,5,6,5,6,5,6,8,7,6,8,7,6,7,3,7,8,6,6,7,6,7,6,7,7,7,6,7,7,8,8,7,8,7,7,8,7,6,7,7,8,7,6,4,5,5,5,6,6,5,5,6,5,6,7,7,6,7,6,7,6,5,6,5,4,6,8,6,5,6,6,7,5,6,7,6,6,7,Male,35,80000,White,2,4,50.239.137.17,358,1/10/20 15:36,R_2fKcvk6z1UeuSo8,37.75100708,-97.8219986,face identify,face identify of the survey,no,psychologist,4-year College Degree
60,3,5,9,7,2,4,6,7,3,7,8,6,2,3,5,8,7,4,2,3,3,4,9,8,3,7,7,7,7,3,4,5,3,8,7,8,2,8,5,7,9,2,4,3,2,4,7,8,3,5,6,8,7,3,4,6,2,4,8,7,2,4,8,7,7,5,2,3,3,4,7,6,3,4,8,7,8,3,2,4,Male,35,40000,White,10,10,142.105.193.225,796,1/10/20 15:38,R_87yDg5rMPfVAdVf,43.65969849,-70.28679657,none really,Make trait impressions about people,None,Data Analyst,4-year College Degree
62,6,6,6,5,10,10,9,10,6,7,6,3,6,7,6,5,3,5,6,5,9,10,9,7,8,9,6,7,4,3,6,5,8,8,6,7,6,7,6,7,6,7,4,7,8,9,6,7,6,7,6,8,3,1,5,2,4,5,8,4,4,5,6,5,6,4,4,6,4,5,6,5,8,8,9,7,3,5,6,3,Female,58,60000,White,7,9,73.153.191.15,586,1/10/20 15:40,R_3qfAbQz2hWFaDPh,39.69039917,-105.0987015,"Yes, the assumption that someone could know those things about a person by a photo and the fact that they were all photos of the same (black) person, slightly altered. It was obvious from the start what was going on.","To see if people rate people with ""blacker"" features as more aggressive or poorer, etc.",no,freelancer,4-year College Degree
63,7,8,8,8,3,8,3,10,6,6,6,6,7,7,3,5,6,4,5,8,8,5,4,5,8,7,8,4,9,8,6,9,3,8,3,5,3,6,3,3,3,5,2,4,4,7,6,5,3,8,3,7,7,4,8,6,4,5,6,4,3,3,7,3,8,8,5,8,3,5,6,2,7,7,6,3,6,5,4,9,Female,41,100000,White,8,9,172.58.110.242,720,1/10/20 15:42,R_3O2ettFsgnProeb,32.82310486,-96.96679688,No,How people perceive others based on images and stereotypes ,No,Corporate Paralegal ,4-year College Degree
64,5,9,2,9,10,6,5,1,4,7,5,6,1,4,2,3,8,5,6,4,3,7,4,7,4,6,4,6,5,4,6,5,3,8,3,5,4,5,2,3,8,3,9,2,5,2,6,3,2,5,3,4,8,2,6,3,7,5,6,5,3,4,4,3,6,5,3,4,6,7,6,9,3,4,2,4,3,4,5,8,Female,36,90000,White,7,3,50.21.202.175,533,1/10/20 15:43,R_3EW5u9ISK9dX5d8,38.75360107,-104.8062973,"yes.  Same picture, different distortion ",determine bias',no,Human Resources,Masters Degree
66,8,6,7,4,5,8,7,9,3,5,6,7,1,3,6,5,8,3,6,5,7,4,5,3,6,2,3,6,3,4,7,6,8,4,6,3,3,8,5,9,4,7,6,8,3,6,5,8,7,4,6,9,7,3,4,9,4,7,7,10,7,4,5,3,7,3,5,5,4,8,7,9,3,8,7,10,3,7,6,8,Female,27,50000,White,9,7,50.239.137.58,1013,1/10/20 15:45,R_z6DT3AVjKFq5bfX,37.75100708,-97.8219986,nice,rating ,none,information technology,4-year College Degree
67,4,5,4,7,5,4,6,6,5,7,7,6,6,6,4,7,6,6,6,6,3,7,5,8,5,3,4,5,3,6,4,5,3,6,6,5,6,3,5,5,5,4,6,6,5,5,4,6,5,2,4,6,4,7,5,7,8,5,7,5,7,4,9,7,6,7,6,7,6,4,4,5,5,3,5,6,4,5,6,5,Female,19,40000,White,8,8,186.65.114.106,983,1/10/20 15:46,R_3GdNRRjkxspRmnx,40.75030518,-74.00140381,NO,To know peoples trust on black people,NO,Junior Data analyst,2-year College Degree
68,8,3,1,7,8,4,2,6,4,7,5,8,3,7,5,6,6,1,5,2,3,8,5,7,2,9,4,8,5,2,4,3,2,8,4,6,2,7,3,5,9,3,8,6,1,8,3,8,1,9,3,9,10,3,9,3,3,5,8,7,8,4,5,9,2,4,8,7,3,4,6,8,3,6,2,9,9,2,7,4,Male,32,80000,White,3,3,66.11.248.56,521,1/10/20 15:50,R_3mn37mpLCtijhbv,35.63870239,-85.21150208,some faces seemed identicle,judging characteristics of little information,no,Supervisor,2-year College Degree
70,6,7,2,2,1,3,1,2,1,2,3,1,4,4,4,4,3,3,3,2,2,2,4,1,6,6,6,6,3,6,6,10,1,2,1,1,1,2,1,1,1,3,2,1,1,1,1,1,5,6,4,5,5,5,7,6,6,5,4,2,5,5,5,4,2,3,4,1,2,5,5,1,6,6,6,5,8,7,6,10,Female,43,70000,White,7,7,23.125.44.89,1094,1/10/20 15:57,R_1luS83rvauyITcE,25.53329468,-80.39730072,no,Learn what physical traits describe what a person could be about,yes very clear,real estate sale person,High School / GED
71,5,5,5,5,5,5,5,5,5,5,5,5,5,5,5,5,6,6,6,6,5,5,5,5,5,5,5,5,5,5,5,5,5,5,5,5,5,5,5,5,6,6,6,6,5,5,5,5,5,5,5,5,5,5,5,5,5,5,5,5,5,5,5,5,6,6,6,6,5,5,5,5,5,5,5,5,6,6,6,6,Female,23,30000,White,6,6,68.60.80.183,151,1/10/20 15:58,R_2TYMCj79NkLp8FQ,42.99789429,-82.4571991,no,unsure,no,manager,High School / GED
72,7,4,3,5,4,2,3,1,2,9,2,9,2,9,2,8,4,2,3,2,4,9,6,9,2,10,6,9,6,1,5,1,5,4,4,6,1,9,2,8,1,5,5,7,2,8,2,7,2,9,2,2,8,3,7,6,7,5,6,7,8,6,7,4,7,6,6,3,7,4,4,9,9,2,2,8,6,5,6,5,Male,36,30000,White,5,5,184.91.134.106,439,1/10/20 16:01,R_1rNz3YoPH8AEam7,28.457901,-80.79669952,just low quality images. ,trait peceptions and facial recognition ,no,IT Field Tech,2-year College Degree
73,1,1,1,1,1,1,1,1,1,1,1,1,1,1,1,1,10,10,10,10,1,1,1,1,1,1,1,1,10,10,10,10,1,1,1,1,1,1,1,1,10,10,10,10,1,1,1,1,1,1,1,1,10,10,10,10,1,1,1,1,1,1,1,1,10,10,10,10,1,1,1,1,1,1,1,1,10,10,10,10,Male,45,50000,White,7,7,155.186.221.48,341,1/10/20 16:04,R_z6zjZIChpaT7pCh,33.28450012,-84.59179688,already stated it,Unsure but I think it was garbage to show one black guy 40 different times on 4 traits because I'm not a racist and yet you make me feel like one.,no,Sales,Some College
75,7,4,2,3,6,2,5,4,4,8,3,6,4,6,2,5,6,3,8,6,3,8,2,5,3,7,2,6,8,2,7,5,2,7,4,5,2,5,3,4,1,8,4,5,3,8,4,6,2,7,4,5,8,3,8,5,6,5,3,4,6,7,3,3,6,5,7,5,5,4,3,2,7,5,3,6,4,3,8,6,Female,37,50000,White,3,5,69.128.35.252,370,1/10/20 16:20,R_1jOO7j7ESMD33bc,42.82350159,-84.23300171,no,perceptions based on how someone looks,no,Personal Shopper,Some College
76,6,7,6,6,6,7,7,6,7,7,7,6,7,7,7,7,3,3,3,4,9,8,8,8,8,8,8,8,4,3,4,3,9,8,8,8,8,8,7,7,2,2,3,3,9,8,7,8,9,8,8,8,4,4,5,3,8,8,8,8,7,7,7,7,3,3,4,3,8,8,8,7,8,9,9,8,4,3,4,3,Male,26,40000,White,1,2,70.177.71.8,563,1/10/20 16:21,R_25sFn8cCLSqto9q,36.12840271,-95.86689758,no,the effect of subtle image manipulations,no,mturk,High School / GED
77,7,6,5,4,4,7,5,7,6,7,3,4,8,7,6,5,6,5,4,8,8,8,7,7,8,8,7,8,5,4,6,7,7,6,4,5,7,4,5,6,3,4,5,6,9,9,7,8,6,7,4,5,5,4,8,7,5,7,7,5,6,8,8,6,6,7,6,7,5,7,8,6,5,7,6,8,7,6,5,6,Female,55,90000,White,1,1,104.37.31.214,770,1/10/20 16:21,R_vuXJ3Xz01yvw8Ct,40.78759766,-74.05999756,no,unsure,no,Information Technology,2-year College Degree
78,5,4,2,5,4,6,4,7,5,6,8,4,5,6,7,4,6,5,3,7,6,7,6,5,4,6,5,6,5,3,5,7,5,7,6,6,4,6,6,5,5,6,6,6,4,6,5,5,5,7,6,6,3,5,4,6,6,8,9,4,6,7,7,4,6,5,3,8,4,8,9,3,7,8,9,6,6,4,2,8,Male,31,50000,White,3,6,24.20.124.0,537,1/10/20 16:22,R_1dbDJrO31bwJaUQ,45.5032959,-122.7743988,Nope.,"Other than judging faces, I don't know.","Not really, though it's annoying when you switch the scales around.  Just keep all the positive traits on one side and the negative traits on the other.",self-employed,High School / GED
79,7,9,6,8,8,6,8,5,7,5,8,7,6,9,8,5,8,6,9,7,8,6,4,8,9,6,8,7,7,8,5,6,9,5,8,7,8,5,6,8,6,7,5,8,6,9,8,6,6,7,9,6,7,9,8,6,7,9,5,8,7,9,5,8,8,5,6,9,7,9,5,8,8,6,8,5,8,9,7,8,Male,32,50000,White,7,9,45.35.132.150,508,1/10/20 16:24,R_2uqyRnzY4qtlWfE,32.81370544,-96.87039948,nothing any strike in this study,this study about investigating how human perception works. Perception is our ability to identify and process information about the world around us.,no,Software Developer,4-year College Degree
80,6,5,7,10,8,5,7,4,6,7,4,6,7,7,4,7,8,4,5,4,4,7,7,8,4,7,6,8,6,4,8,5,4,8,7,9,5,8,6,9,8,4,6,4,2,7,6,8,4,8,4,9,9,3,3,3,7,7,7,8,7,6,5,5,3,5,4,4,3,3,4,6,8,8,9,8,3,4,3,4,Female,31,80000,White,3,9,76.30.105.32,388,1/10/20 16:30,R_1giO63FR70SEcrt,29.87379456,-95.52330017,I could barely barely barely tell apart the faces ,seeing how people judged others,no,computer programmer,Some College
81,2,3,5,8,2,2,7,9,1,9,2,9,2,8,1,7,10,2,9,4,2,9,1,8,1,10,3,9,9,3,8,4,4,9,7,8,3,10,2,5,10,3,8,6,3,8,4,7,2,9,4,7,9,3,7,4,2,7,3,7,4,8,6,9,3,8,2,7,4,5,5,7,7,8,8,9,4,4,2,6,Female,21,30000,White,8,8,74.128.65.31,483,1/10/20 16:32,R_wXfulsGPEfyO0xP,38.99240112,-84.64620209,No,See how people judge based off of the clearness of a image.,No very simple and straightforward. ,Criminal Justice,Some College
82,7,8,7,8,4,5,8,8,6,8,7,9,5,7,6,8,5,4,5,6,6,8,7,8,7,7,6,7,7,4,5,3,2,9,5,6,3,7,5,6,8,3,7,4,1,7,5,8,4,7,6,6,8,3,7,4,8,9,7,8,4,4,6,6,5,4,4,2,4,8,6,7,7,9,7,8,4,3,3,3,Female,29,30000,White,2,4,67.140.9.152,970,1/10/20 16:37,R_3EnbHO9isQSGya5,37.09759521,-84.11509705,No because I think most people judge people on first looks.,To see how people judge based on seeing someone.,"No everything made sense, and was explained clearly.",Data entry clerk,High School / GED
83,9,4,6,3,8,3,6,2,3,9,3,7,6,8,3,3,9,2,7,3,3,7,3,4,4,8,4,5,4,2,7,8,3,8,3,8,3,9,3,5,7,2,7,8,3,7,3,3,3,8,3,3,7,2,8,6,3,8,8,4,7,5,3,3,7,2,3,7,3,3,8,5,8,5,4,2,8,4,2,7,Female,24,40000,White,1,1,70.180.210.193,803,1/10/20 16:37,R_9mFSMcolfYaDgB3,36.00970459,-115.2148972,No,Whether subtle changes affect my opinion on people,No,IT Support,4-year College Degree
88,7,5,3,8,9,7,4,3,8,9,7,8,10,8,5,8,8,6,9,8,8,6,9,8,7,5,4,8,7,5,9,7,7,5,9,8,8,3,6,8,9,7,10,8,7,5,8,6,7,4,8,5,7,5,10,8,8,6,9,8,9,7,3,8,9,8,5,7,9,8,4,7,8,5,7,6,9,7,4,7,Female,25,80000,White,8,6,107.191.126.32,559,1/10/20 17:40,R_1gC40HvzrAQzTdz,33.83360291,-84.37969971,GOOD,GOOD,NO,B.SC,4-year College Degree
89,7,8,7,7,7,7,7,7,7,8,7,6,6,5,4,5,4,4,5,6,6,6,7,6,5,5,5,5,6,5,6,5,5,7,5,6,3,5,4,5,6,5,6,5,5,7,5,6,4,6,3,5,5,4,6,4,6,7,8,7,5,4,5,4,6,5,7,5,6,7,7,6,5,5,5,5,5,5,4,5,Male,34,80000,White,4,5,71.227.90.0,310,1/10/20 17:43,R_215MR3G0hQ4hixT,42.46580505,-82.90329742,Not particularly,To see how we evaluate faces of color,Nope!,Social Media Manager,4-year College Degree
90,8,5,5,7,7,6,3,4,8,6,4,3,7,8,6,4,4,3,6,8,7,6,5,3,8,7,6,5,3,4,7,6,5,7,6,6,5,7,5,7,7,3,6,9,3,6,4,5,5,8,6,4,6,4,7,7,4,7,8,4,4,7,8,4,8,6,3,7,5,8,9,5,7,8,6,4,6,3,5,6,Female,53,30000,White,8,4,172.58.158.254,472,1/10/20 17:48,R_2YLknMeWFCm8DHl,34.0007019,-81.03479767,No.,Judgement of facial traits,No.,self employed,Some College
91,6,6,6,6,7,7,7,7,7,7,7,7,6,6,6,6,4,4,4,4,7,7,7,7,7,7,7,7,5,5,5,5,7,7,7,7,6,6,6,6,4,4,4,4,8,8,8,8,7,7,7,7,3,3,3,3,7,7,7,7,6,6,6,6,4,4,4,4,7,7,7,7,7,7,7,7,5,5,5,5,Male,36,90000,White,1,1,70.162.65.201,427,1/10/20 17:48,R_3P80ZQRyvuA9722,32.09890747,-110.7269974,"Aside from the fact that none of the faces are real?  Nothing in addition to that.  It's impossible to gauge all of those features off of such vague faces, especially ones that aren't real.  ","Well, I think it has to do with whether or not people's underlying racism will come out?  The faces were all vaguely black in nature.  I don't know...maybe it goes deeper than that?","No, they were all perfectly clear!",Search Quality Rater/Freelance writer,4-year College Degree
92,6,5,4,7,7,4,6,5,6,6,5,6,4,4,4,7,6,4,6,5,5,6,4,5,5,6,4,6,4,5,6,4,3,6,6,5,3,5,7,4,8,6,5,5,3,4,5,5,3,6,5,5,6,4,5,5,6,5,7,6,6,5,6,6,5,4,6,5,6,6,6,6,6,5,7,5,6,5,4,5,Female,20,60000,White,3,3,64.50.246.144,425,1/10/20 18:03,R_OPzREcq1MbDwDOp,46.5131073,-122.4788971,Nothing.,Understanding how people perceive other based on faces and and the ethnicity/race of others.,They were all very clear.,Writer,2-year College Degree
93,5,5,10,1,1,5,1,8,4,1,1,8,2,2,2,2,10,8,5,10,1,1,5,9,9,3,3,1,8,7,2,2,1,9,1,2,1,1,1,1,10,10,10,10,1,1,1,1,1,8,1,1,9,7,7,10,1,2,5,5,1,1,1,1,10,10,3,10,1,1,6,3,2,2,9,1,9,9,2,10,Female,40,30000,White,10,10,184.90.1.43,704,1/10/20 18:39,R_2rY20agyfJYJyGR,29.28660583,-81.0868988,"yes, the faces were all alike",to detect how one sees another,no,homemaker,Some College
95,8,7,6,6,8,7,6,7,6,7,6,7,5,7,6,7,4,3,4,3,8,7,8,7,9,9,9,9,4,3,4,3,7,8,6,8,5,7,5,7,5,3,5,4,7,8,7,8,9,9,9,9,5,4,5,4,8,7,8,7,6,6,6,6,3,2,2,3,8,7,8,7,9,9,9,9,3,4,3,4,Female,21,30000,White,5,5,96.61.98.113,361,1/10/20 19:15,R_1g75TV5K9HeqwHP,37.48710632,-80.17040253,,something to do with race?,no,prefer not to answer,High School / GED
96,8,1,3,2,8,2,1,2,3,10,2,7,6,8,2,8,3,2,5,3,5,7,3,8,9,4,9,2,8,2,9,4,1,9,2,8,1,9,3,7,10,2,6,3,1,9,2,7,3,9,2,8,10,4,7,2,10,8,4,2,8,7,3,4,2,5,8,4,2,6,2,5,7,4,9,2,8,6,9,3,Female,68,70000,White,2,3,98.210.231.129,914,1/10/20 19:27,R_3irpyowt5CIBS0p,38.03889465,-122.5870972,no,reading traits in faces,no,graphics production designer,Some College
98,10,7,10,10,10,8,7,7,9,9,3,3,7,5,4,4,4,5,5,8,6,10,6,6,9,9,6,4,3,1,7,8,4,7,3,5,2,4,3,4,9,2,5,6,3,8,6,6,2,4,4,5,8,6,7,7,6,8,8,4,8,3,9,2,3,2,3,7,4,4,8,7,2,6,8,4,6,2,8,9,Female,26,50000,White,5,6,108.205.1.182,529,1/10/20 21:33,R_1jxoImfKESc5sd3,29.41870117,-98.6882019,n/a,How facial expressions determine traits,no,Finance,4-year College Degree
99,7,4,6,4,7,5,7,5,5,7,6,4,3,6,5,8,6,7,5,8,7,7,5,4,7,6,5,6,5,6,9,7,6,8,3,4,3,6,4,6,7,3,8,9,1,7,4,6,2,8,6,5,5,4,7,8,6,6,4,4,6,7,5,4,5,7,8,8,4,8,6,4,6,7,5,6,5,6,9,4,Female,24,60000,White,5,5,172.89.96.3,1036,1/10/20 22:03,R_3qx7hPQBqrA3URZ,34.74710083,-118.3686981,No. It seemed like a typical study of this type to me.,I think the purpose was evaluating people's first impressions based on very limited criteria.,"Nope, I understood everything well.",Writer,High School / GED