mturk_subj_id,qualtrics_subj_id,rc_subj_id,iat_subj_id,condition,first_iat,host_d,ses_d,eval_d,could_have_had,have_been_given,B01_alloc,B02_alloc,B03_alloc,B04_alloc,B05_alloc,B06_alloc,B07_alloc,B08_alloc,B09_alloc,B10_alloc,W01_alloc,W02_alloc,W03_alloc,W04_alloc,W05_alloc,W06_alloc,W07_alloc,W08_alloc,W09_alloc,W10_alloc,manip_check,purpose,instructions,suspicion,true_purpose,age,gender,major,race,education,income_in_thousands,date
124815067,R_Wexn5aQka2I0m89,120693,230,0,-0.5,0.52,-0.07,0.17,100,10,1,4,2,2,1,4,3,1,2,2,1,1,1,7,1,5,1,5,2,1,20,The purpose seemed to be to analyze my feelings towards and how I felt about sharing resources with particular races. ,No,No,It seemed to be geared towards my attitude towards different races. ,23,Female,Biology researcher,Asian,4-year College Degree,100,4/27/17 16:54
305116374,R_3gOyEc3icqhCx6X,125139,206,0,-0.5,0.74,0.23,0.59,100,10,3,4,4,3,3,4,3,4,5,4,4,3,4,5,3,5,3,3,4,4,19,To try to figure out if one's feeling or actions is affected by the others' race,No,"Yeah, I don't think race is a huge issue when it comes to anything.",About what people think of money and the aftermath of giving people money.,19,Male,Sports Management,Asian,High School / GED,100,3/24/17 11:39
263156607,R_2y7XOYvrP5QPrHN,390767,255,1,0.5,0.23,0.78,-0.07,10,10,8,8,8,7,9,8,7,8,8,8,7,7,7,7,8,5,4,5,5,5,91,To determine what factors influence distribution and allocation of money.,No,No,No,19,Female,Pre-Health,Asian,Some College,100,4/5/13 11:00
664345058,R_1nO1AUlqQvB0dxt,6777308,204,0,0.5,-0.33,0.31,0.03,100,10,6,2,5,5,5,4,1,1,1,1,1,4,3,1,1,1,10,1,1,1,15,To observe if the steroetypes of low economic status with african americans and high economic status with white americans are present in our minds ,no,No,Yes,18,Male,Pre-med/Bio major,"Black or African American,Asian",High School / GED,30,3/23/17 11:49
179002790,R_2EyQVFbOKbDMN3Z,786767,226,0,-0.5,0.56,0.32,0.17,30,10,4,4,1,2,4,4,4,5,3,3,4,3,4,5,5,5,2,4,3,4,8,bias,no,no,no,20,Female,"student, liberal studies",Asian,High School / GED,100,4/27/17 8:25
336766318,R_3JDraYQLU3DwSAN,828835,274,0,-0.5,0.43,-0.37,-0.34,100,10,6,9,5,10,8,10,7,8,7,10,5,3,7,10,6,9,4,7,6,6,60,To test if race has anything to do with how we would allocate funds or trust,No,"no, it was just difficult to tell who was african american in one of the parts of the study",How we perceive race,23,Male,Psychology,White,Some College,100,4/27/17 16:05
486591504,R_3PjVNAuwwzFXYn2,883747,268,0,0.5,0,0.28,-0.27,100,10,10,10,10,10,10,10,10,10,10,10,10,10,10,10,10,10,10,10,10,10,19,To see how people's implicit biases affect the way they allocate resources,no,no,no,20,Female,Drama,White,Some College,80,4/26/17 8:24
165131517,R_2AXPfJEzwOM5Skk,1054674,308,0,0.5,0.11,0.35,0.02,100,10,2,3,3,1,3,3,3,1,4,4,4,0,3,0,3,5,4,1,2,1,14,To test our implicit bias when it comes to the relationship between race and wealth,"Yes, they were pretty clear. ","I am unsure about the legitimacy of the picture excersize, I found that I couldn't really tell any difference so I ended up clicking randomly at some points. ",how society percieves and judges a person's financial situation purely based on race,18,Female,Undergrad Film and Television,White,Some College,100,10/13/17 10:56
278142826,R_1kS0PibIgEQntO2,1118150,386,0,-0.5,1,0.38,0.08,100,10,5,6,3,4,7,6,4,5,5,6,5,5,6,4,4,6,3,6,4,5,40,How we would allocate money based on race,No,No,No,21,Female,Communicative Sciences and Disorders,Asian,High School / GED,100,11/30/17 14:37
548388142,R_2zHJdKxTSC93U1q,1130598,202,0,-0.5,0.08,0.17,0.16,100,10,0,2,0,0,4,3,0,0,0,2,0,4,0,2,0,7,0,1,3,1,70,Identifying Stereotypes/Judgments,No,No,No,19,Female,Student (Economics and Psychology),Asian,Some College,90,3/23/17 11:04
846346430,R_2xzsZoNVthxKaT1,1202764,334,0,-0.5,0.05,0.04,0.12,100,10,2,10,0,5,3,6,2,1,4,2,0,3,9,3,10,6,0,1,0,7,9,To find a correlation between ethnicity / facial structure and likelihood to compensate that person based on the stereotypes you make about that person's spending habits. ,no,"Face detection became very difficult as, eventually, all the faces started merging into one. ",Top-down processing,20,Female,Studying Speech Language Pathology,White,High School / GED,90,10/26/17 15:42
953176059,R_12rOo6Ll0vJT296,1223946,368,0,0.5,-0.2,0.51,0.12,$100 ,$10 ,10,10,10,10,10,10,10,10,10,10,10,10,10,10,10,10,10,10,10,10,4,Racial perceptions,No,Well it was hard to decide how much money I'd give people since I knew nothing about them,I didn't realize it had so much to do with race,18,Female,MCC,Asian,Some College,100,11/21/17 9:31
176268211,R_3P7TCnngVwtRfAR,1224067,214,0,-0.5,0.27,0.3,0.09,100,10,8,9,8,9,3,10,8,10,4,10,2,9,3,6,7,9,9,5,2,5,20,Determine if race creates a bias in distributing funds?,no,"The blurry pictures of ""who is african american"" was a little long and eventually made it difficult to make a decision.",not sure,22,Male,Personal Trainer / Nutrition Dietetics prehealth,White,4-year College Degree,100,4/6/17 11:01
980285685,R_2X0SjHNA8NMPaj3,1260953,351,1,0.5,-0.28,0.51,-0.08,10,10,10,10,10,10,10,10,10,10,10,0,10,0,10,10,10,10,0,10,5,10,91,To see how individuals allocate money to people based on race and associations.,No,"The associations felt a little bias, in a sense that people often associate ""black"" with ""poor"" and it felt like those stereotypes were intentionally reinforced. ","I think it was less about financial decisions, and more about race. ",19,Female,Student/Undecided,White,Some College,60,11/8/13 14:03
806830529,R_1qVfiOiZw6YjX9j,1274211,306,0,-0.5,0.04,0.84,0.4,100,10,5,5,5,5,5,5,5,5,5,6,5,5,5,5,3,5,5,4,5,5,5,"To test whether my subconscious racial bias would play an effect on my financial decision making, if given an administrative position",No.,No.,Racial bias resulting in subject using racial reasoning to make their decision making subjective.,17,Male,Student/ Double Major in Psychology and Chemistry,"Asian,Native Hawaiian or Other Pacific Islander",High School / GED,100,10/13/17 10:13
640928076,R_3qdidmuRLD0jZFF,3219591,208,0,0.5,0.17,0.74,0.71,100,10,5,4,3,4,3,5,10,3,3,7,6,3,6,4,1,2,2,1,3,5,40,To discern how we associate socioeconomic dynamics to race,No,No,No,19,Male,Psychology/ Pre-Medicine,"White,Hispanic",Some College,30,4/6/17 13:09
875902884,R_2YJ9klpmdM5wQmf,457794,218,0,-0.5,0.34,0.15,0.46,100,100,10,10,10,10,10,10,10,10,10,10,10,10,10,10,10,10,10,10,10,10,100,To see if I would show prejudice towards any group,I was unsure of what to do in the second to last experiment,no,no,23,Female,Student,Black or African American,2-year College Degree,60,4/7/17 11:58
853163949,R_2zpsj0WgCerBHCU,1344708,375,1,0.5,0.33,0.08,0.3,10,10,10,7,5,10,7,8,7,8,7,7,7,6,5,10,6,7,7,7,7,7,100,"To see how likely we are to associate certain traits (wealth, vulnerability, etc) with races.",No.,I feel an impulse to give more to the black participant though I do not know their true financial situation.,To see how likely we are to associate wealth with races.,21,Female,Computer Science,Asian,4-year College Degree,100,11/26/13 10:55
168505734,R_2aOHrvgM6NeDhIG,1476038,376,0,0.5,-0.5,-0.27,-0.5,2,5,10,10,10,9,10,9,9,10,10,10,8,10,7,7,8,7,9,7,7,7,32,To see how we allocate money based on race/ethnicity,The very first one where there were blanks in the sentence,Not particularly,I think it was linked to race,19,Female,Individualised Major,Asian,High School / GED,100,11/21/17 13:40
924510775,R_6tzkvv3PGXAl8Nr,1496712,212,0,0.5,0.62,0.89,0.84,100,10,10,10,10,10,10,10,10,10,10,10,10,10,10,10,10,10,10,10,10,10,25,"To see if people allocate more money to a certain race or appearance of a person, as well as if they give out the maximum or less","No, they were clear",Picking African American faces was difficult because they all looked African American to me - faces were almost the same ,No idea,21,Female,Global China Studies & Sociology,White,Some College,30,3/31/17 11:19
503354225,R_NUqU4iPI25q3RSh,5750539,402,0,-0.5,0.69,0.31,0.47,10,10,10,10,10,10,10,10,10,10,10,10,10,10,10,10,10,10,10,10,10,10,100,To determine racial bias when distributing money/after conditioning ,Weather Money for all was limited or not ,not especially,Direction Following,19,Male,Game Design (Tisch),"White,Hispanic",Some College,100,12/7/17 16:21
511338643,R_6Ay9OBbXJG4DfmV,1608397,296,0,0.5,0.61,0.01,0.13,70,10,2,2,1,2,2,2,2,2,2,2,2,1,2,2,2,2,2,2,1,2,29,Racism,No,No,No,21,Male,Economics,Asian,High School / GED,100,6/21/17 15:03
52294460,R_3gZQziOrGnfenSX,1639863,389,1,-0.5,0.21,-0.16,-0.41,10,10,10,10,10,10,10,10,10,10,10,10,10,10,10,10,10,10,10,10,10,10,100,to see if there was racial bias in the allocation of the money,at the beginning the purpose of the money game was a little unclear,"why would you have an unlimited amount of money to give players for no reason, just showing up?",probably racial bias ,20,Female,Social Sciences,White,Some College,50,12/3/13 11:48
562330092,R_1FOMnpNS22WCReB,9518181,225,1,-0.5,0.19,0.18,-0.42,5,10,5,5,2,5,5,2,5,7,4,5,4,5,5,7,2,4,4,2,3,2,39,the purpose was to compare race with prejudice.,no,"No, but there were some parts that when I had chose my answer's I hadn't agreed with the choices I had to make.",to bring an awareness to how we precieve peoples image connected to their race.,22,Female,Liberal Arts,"Black or African American,White",Some College,30,4/25/13 18:44
803309889,R_26hf5RVB1QCkkrX,1688594,335,1,0.5,0.37,0.3,0.29,10,10,5,6,4,4,3,7,5,7,4,3,4,3,5,5,5,6,4,3,6,4,55,To see if there is certain stereotype or bias that affects people's decision making,No,No,No,18,Female,Education ,Asian,High School / GED,70,10/25/13 16:29
462262067,R_3Mutq1fA2nAYNUc,1710470,260,0,0.5,0.17,-0.08,0.2,100,10,10,10,10,10,10,10,10,10,10,10,10,10,10,10,10,10,10,10,10,10,50,Associating certain characteristics with race,No,Giving previous participants money,How we profile and stereotype people of different races,19,Female,Biology,Asian,Some College,100,4/20/17 10:54
416682878,R_1jK9NFDvmVna5Ms,1804821,250,0,-0.5,-0.34,0.12,-0.15,100,10,7,10,7,10,5,5,9,8,4,7,4,10,4,8,9,5,6,5,3,4,80,"Are there stereotypical facial features per race, and do they influence us?",No,Some of the generated faces in the second to last task,I wouldn't know,24,Male,Financial Advisor/Sociology,White,Some College,100,12/7/17 10:11
933361849,R_3CVlfuj5e5Vl15b,1853332,400,0,0.5,0.36,0.65,0.56,100,10,8,9,4,7,10,8,6,8,7,6,8,5,6,10,5,9,4,7,7,8,73,To see if associated races with either positive or negative words influences how you view them/distribute your money,no,no,maybe,20,Female,politics,White,Some College,100,12/7/17 9:15
653240297,R_3sWlvZSYB3iTcR3,1859753,282,0,-0.5,0.48,-0.28,-0.02,100,10,1,5,2,5,4,4,3,4,3,3,3,2,4,6,5,3,3,5,3,6,50,determining how individuals distribute money based on objective characteristics  ,no,how certain amounts of money are distributed based off how one feels about someones facial characteristics ,Possibly about whether or not race plays a role in distribution of money,19,Male,Student/Psychology,White,Some College,100,5/30/17 13:45
117572499,R_qwlboQzisAHUM4F,6631302,343,1,0.5,0.28,0.76,0.35,$10 ,$10 ,7,10,8,10,7,9,8,10,10,8,10,10,8,10,8,7,6,6,8,10,95,To see how people correlate affluence or lack thereof with race.,"No, they were clear.",No.,Our perception of hostility in African Americans (as contrasted with whites),20,Female,Intern at Immigration Law firm; English and Psychology Major,"White,Hispanic",2-year College Degree,100,11/7/13 14:16
369436268,R_2uJVmL6W4rCZzQA,1877666,278,0,-0.5,-0.46,0.09,-0.68,5,10,10,10,10,10,10,10,10,10,10,10,10,10,10,10,10,10,10,10,10,10,100,To see how black people are perceived in our society and how relevant stereotypes are,No,"The distorted faces were features mangled together, I think to determine what people think are distinguishing characteristics of black people",Maybe the cash allocation question was to see if people who are conservative with their money are more racist than others,20,Female,English,White,Some College,100,5/1/17 13:04
547352516,R_2zUAEGkhZjBkLAK,1930639,271,1,0.5,0.74,1.15,0.77,10,10,7,9,7,7,8,9,9,9,8,8,10,7,9,9,9,8,7,8,9,8,99,To identify any implicit biases present after connecting multiple standards to a certain skin color.,No,Hard to identify distinct faces.,Probably,23,Male,Biology Major,White,Some College,100,4/25/13 9:44
89709870,R_2CwRowSE7DSzpnW,1942624,338,0,-0.5,1.01,0.23,0.52,10,10,2,2,2,2,2,2,2,2,2,2,3,2,2,2,2,2,2,2,3,2,100,To test the bias against black people.,I don't quite understand why should we give money to receivers. ,Why should we give money to receivers. ,No.,18,Male,"Gallain, concentrating in environmental science and business",Asian,High School / GED,80,11/2/17 14:23
944125561,R_3e2FwS4BM2GTBlq,7984248,224,0,0.5,0.64,0.66,0.44,100,10,1,1,1,1,1,1,1,1,1,1,1,1,1,1,1,1,1,1,1,1,100,to see how much money i wanted to give to each respective person,No ,not so far ,yes,21,Male,Economics,"White,Hispanic",4-year College Degree,30,4/25/17 12:32
613090669,R_3nAEldjDxaad7BP,2047592,264,0,0.5,0.17,0,0.24,100,10,7,10,10,10,10,10,10,10,10,10,10,10,10,10,7,10,10,10,10,10,67,To test if race affected the amount of money we would give to each participant,no,no,Bias,18,Female,Child and Adolescent Mental health Studies,Hispanic,Some College,30,4/27/17 12:08
782894881,R_1NftkFkdksQu1Ll,2051247,265,0,,,,,5,10,3,4,3,3,3,3,3,5,3,4,5,3,3,5,3,3,3,3,3,3,100,To see how one discriminates between people of different races,no,"Nothing, everything seemed fair and true",no,20,Female,Psychology,Hispanic,High School / GED,100,4/21/17 8:51
61449382,R_2900TP2ktki1ghh,2078833,291,1,0.5,0.31,0.89,0.32,10,10,10,9,3,3,5,3,8,10,2,10,8,8,3,10,7,10,1,6,5,4,19,Does race effect your views on wealth,choosing who was african american was difficult but the directions were clear,no,does race effect how much money you are willing to give someone,19,Female,student- chemistry,Hispanic,Some College,70,5/10/13 15:34
495134513,R_1nW97xKL8OFCYc1,2172386,313,1,-0.5,0.29,0.63,0.6,10,10,6,8,7,6,7,7,8,9,8,8,6,7,8,9,6,8,6,8,7,6,95,"to determine whether we associate positive thoughts (for example, positive words and money) with white people and negative thoughts with black people",All of the instructions were clear,NA,NA,19,Female,Student / Chemistry Major,White,Some College,100,10/17/13 11:56
174413831,R_3jc8zUIe5ipDpAC,2298424,290,0,-0.5,0.37,-0.08,0.33,100,10,6,7,5,6,7,6,7,4,3,4,8,2,3,6,7,4,5,3,5,2,83,implicit associations between race and its associated stereotypes,no,"choosing which face was African american didn't make sense to me, they were very ambiguous faces",power and monetary decisions,19,Female,student/psych,Asian,Some College,90,5/11/17 15:35
441525813,R_28TdCYez8Xm5pyd,2444347,223,1,0.5,0.59,0.35,0.55,10,10,10,10,10,10,10,10,10,9,10,9,10,8,10,1,10,10,5,5,6,8,100,"Not quite sure, maybe something about racial profiling and race?",Nope,No,Determining if people are racist??,18,Male,"Business, Technology, and Design",Asian,High School / GED,100,4/24/13 11:44
365190494,R_2rBL9nuWamdMFrC,2514950,396,0,0.5,0.49,0.46,0.46,10,10,0,2,0,6,9,2,10,9,9,0,10,0,5,10,10,7,0,10,8,1,90,To find biases,Nope all clear,A bit,Maybe,19,Male,Biology,Asian,Some College,60,12/6/17 16:20
551114194,R_323kkXMRpkARvTB,8205783,243,1,0.5,0.16,0.13,-0.06,10,10,1,1,1,0,1,2,1,1,1,3,1,0,0,2,1,1,0,0,1,0,19,To assess implicit biases based on race,The instructions for giving out the money were unclear. I was not sure if $10 was the total or the max each person could get. It is also hard to keep a track of the money you have given out.,No,Determining if there could be a difference in the availability of loans and credit given to people based on race due to implicit biases we have,19,Male,Student/Psychology,Black or African American,Some College,100,11/14/13 13:32
385605230,R_29cRQwgv6gHOFna,3373375,244,0,0.5,-0.13,0.56,-0.07,10,10,6,9,5,5,5,8,10,5,5,6,8,5,3,4,2,4,3,3,2,3,73,To see how people's perception of others affect their decision of giving them money.,No.,Nothing.,It could have possibly been about prejudices or stereotypes. ,18,Male,Biology ,Black or African American,Some College,40,11/17/17 10:15
56352037,R_DPqY2Bcj4BBH6GR,2620368,352,0,0.5,-0.14,0.34,-0.12,100,10,5,10,5,4,10,10,8,7,8,7,8,2,6,3,4,3,2,4,7,5,35,To see if people are biased in their financial decisions.,No.,no,racial biases that people may have,17,Female,Chemistry,"Asian,Other",High School / GED,70,11/9/17 14:20
519129737,R_25NlAf9YDugxaFw,2636379,373,1,-0.5,-0.19,-0.13,-0.34,10,10,5,5,5,5,5,5,5,5,5,5,5,4,5,5,5,5,5,5,5,5,91,"I think it's about how we make decisions based on how we perceive the overall impression of another person, which can involve their race and facial expression",no!,no,I'm not sure,19,Female,Psychology,White,Some College,100,11/20/13 10:53
747641471,R_1H6w1kr8nwllEWP,2665506,280,0,0.5,-0.14,0.32,0.35,100,10,10,10,8,10,10,10,10,10,9,10,10,8,10,10,10,10,7,10,10,10,10,to figure out if implicit associations affect how we allocate money when given the choice to award a certain amount of money to random participants. ,no,no,the study will also likely examine reaction times on the various IATs and try to conclude something about generic associations that exist regarding race,20,Female,Neuroscience,Asian,High School / GED,100,5/2/17 10:40
813533344,R_cZs2GiOpmD73yCt,2667460,326,0,-0.5,0.63,-0.04,-0.03,10,10,0,1,0,0,0,0,0,1,1,0,7,0,0,2,1,1,0,0,0,0,0,how much trust i have with giving money,nope,n/a,racial judgement,18,Female,childhood edu and special edu,Asian,High School / GED,70,10/23/17 13:16
583174647,R_6KKQT7HMqdCmL05,2736946,329,1,-0.5,0.25,0.17,0.46,10,10,6,6,6,6,6,6,6,6,6,6,6,6,6,6,6,6,6,6,6,6,29,race bias,no,no,"yes, race bias",17,Female,Biology,Hispanic,High School / GED,50,10/24/13 13:58
423276838,R_2EtuK6Y1ZEdKwDg,2758078,303,1,0.5,0.45,0.31,0.63,10,10,6,3,5,5,5,3,5,3,3,7,1,6,4,3,4,9,2,4,4,8,100,reactions of people towards race and financial decisions,no,no,yes,19,Female,Psychology,Asian,High School / GED,80,9/28/13 10:43
37807738,R_3377NovOvURUUHB,2791130,381,1,-0.5,-0.56,-0.35,-0.48,10,10,2,4,2,1,5,2,4,4,8,2,2,1,2,2,2,3,3,3,2,1,9,To determine how people's implicit race associations can affect the way in which they allocate money.,No.,No.,"Yes, there is a racial component to the study.",18,Female,"Gallatin: Film/TV, Politics, Business, Comedy",White,Some College,100,11/28/13 15:39
94293866,R_03ClSSihPw1DU1r,8506682,256,0,0.5,-0.28,0.45,-0.07,40,10,2,4,6,10,1,10,10,10,9,10,3,9,3,5,2,8,1,2,1,0,9,to see how much of race relations are implicitly biased,no,no,charitibility based on race/ idea of need based on race and socioeconomic class/ aesthetics??,18,Female,Sociology/Psychology,"Black or African American,White,Other",Some College,30,4/6/17 11:35
857860145,R_3gO6TRNS8RNFCk2,2809560,425,1,,,,,10,10,3,3,3,3,3,3,4,3,3,4,4,2,3,4,3,4,3,3,3,4,60,study one's attitude toward different groups of people,no,no,people's willingness to help others,18,Female,math,Asian,4-year College Degree,100,11/16/13 10:36
838935336,R_XZlIgCSKxARQ37z,2871597,257,1,,,,,10,10,9,5,6,7,5,6,7,6,3,5,4,8,5,3,5,4,8,6,6,8,78,To test implicit racial biases in the particpants,"No, everything was fine","The facial assigning and money allocation seemed a bit arbitrary and tedious, but nothing was ""untrue"" I suppose",Definitely something involving race. Very clearly asked a lot about black and white people,19,Male,Sports management,White,Some College,100,4/17/13 11:28
101504061,R_2naem9ciIbEWbQZ,2985120,320,0,0.5,0.71,0.69,0.54,10,10,5,5,3,4,5,7,4,7,3,4,8,4,7,7,4,9,4,5,8,6,39,to test if we are more like to link negative things to black and positive thing to the white,no,no,I think it's more about to test our stereotyped thought about races rather than how we make financial decisions,18,Female,social work,Asian,High School / GED,100,10/19/17 17:02
622529045,R_rjbgtIYnnXapn0Z,3032542,210,0,-0.5,0.09,0.36,0.46,100,10,10,5,5,10,10,8,10,10,5,10,5,5,10,8,5,5,4,5,5,7,100,"See how individuals would distribute/allocate resources, in this case money, among other people ",No,No,"Inferences about people, and associations with words and color of skin",21,Female,Psychology,White,Some College,100,3/30/17 12:40
373414520,R_3Mmn6t795qP5cJx,3261766,393,1,-0.5,0.08,0.12,0.17,10,10,6,8,6,7,9,9,10,7,6,6,5,5,5,6,8,6,6,6,4,8,64,To determine if there is a correlation between how we associate wealth distribution and race.,"The only unclear instruction was ""distribute $10 out of $10"". I took this to mean I had $10 to distribute to each person, as opposed to $5 or $7 out of 10, and that how much I allocated was based on how much out of 10 I thought was reasonable.",Nothing comes to mind.,Nothing comes to mind.,20,Male,English,White,Some College,100,12/5/13 15:13
230801505,R_2VItKjKupXBc6uI,3265770,355,1,0.5,-0.02,0.3,-0.01,10,10,1,1,1,1,1,1,1,1,1,1,1,1,1,1,1,1,1,1,1,1,9,To detect underlying racist tendencies of various people through assigning/associating qualities to/with different races,It was a bit unclear in the beginning with how the money would be distributed,It's a bit unfair to ask people how much money they would give someone based on solely race,Racism,18,Male,Student/Sports Management,White,Some College,100,11/15/13 16:21
500202085,R_1o5sFg4KTmN4Kod,3266480,205,1,-0.5,0.77,0.51,0.08,10,10,0,2,0,1,2,0,0,0,1,2,3,0,0,1,0,2,0,3,1,1,9,to determine implicit racism,no,I believe the game was not true and that the pictures were not of participants and that they are not getting money,it was about implicit racism,22,Male,Political Science,White,Some College,100,3/22/13 12:38
60561914,R_2OVcYkbvLnmoi93,3565001,219,1,0.5,0.22,-0.2,0.29,10,10,1,2,1,1,1,1,2,3,1,1,3,1,2,2,1,6,1,2,1,1,6,Judgement by appearance,no,no,no idea,21,Female,Student/ Nursing,Asian,High School / GED,100,4/16/13 15:35
197887372,R_2X5aAJvBCMcSLrz,3578561,333,1,-0.5,0.57,0.15,0.28,10,10,6,10,5,6,6,9,3,4,3,1,7,0,0,9,4,6,2,7,2,1,91,To see if priming you with race tied to pleasant and unpleasant words would influence the amount of money you would give to a white or black person.,no,no,"yes, you weren't just looking at where people give money you were looking to see if race plays a part.",20,Female,Psychology,White,Some College,100,10/25/13 15:07
287047713,R_0B5UFzV7T4Xd4eF,3644853,399,1,0.5,0.65,0.67,0.65,10,10,10,10,10,10,10,10,10,10,10,10,10,10,10,10,10,10,10,10,10,10,99,to see if we subconscoiusly versus conscously treat white andblack people differently,no,"the middle part, choosing the african american face, seemed like just a space filler",no,20,Female,psychology,Asian,Some College,100,12/6/13 8:32
862124898,R_3qJ9QZQTUej9ZTf,3681948,236,0,0.5,0.35,0.49,0.65,100,10,9,10,10,10,8,10,10,10,10,9,10,10,10,10,8,9,7,10,8,8,60,To see if associating different types of words (i.e. good vs. bad) with different races of people (namely black people and white people) would alter the way a set amount of money is distributed,"No, I understood everything pretty clearly",No,Perhaps it was about how people perceive different races' facial features and structures,19,Female,Film and Television major,White,Some College,100,11/8/17 8:48
694353284,R_BLm26GMGKZp1Q0F,3702216,385,1,-0.5,0.43,0.31,0.24,10,10,2,3,1,5,6,5,3,6,3,5,3,0,7,7,2,5,0,3,5,4,91,How one's facial features/race affect people's evaluation of the person's trustworthiness,the facial identification task was TOO LONG,no,no,19,Female,"Student, Economics & Psycholgy",Asian,Some College,80,11/29/13 14:37
997506193,R_1jPXMNLQhldU4wq,3708907,239,1,0.5,0.42,0.2,0.75,0,10,1,7,1,2,5,5,6,4,1,5,7,6,7,9,7,7,1,4,8,7,70,It's not about cash distribution at all. It's to test tester's preference in different races according to  their facial appearance.,no,no,"Race, Discrimination, wealth inequality",18,Female,Hotel Management,Asian,High School / GED,100,11/7/13 12:43
191691881,R_1eJBFrNdGQWcvfH,3737657,397,1,-0.5,0.27,-0.18,0.12,10,10,10,10,9,10,9,10,10,9,9,9,9,10,10,10,10,10,8,10,10,10,90,To see if I could more easily associate good or bad words with one race or another and to see which race I would be more willing to give money to.,Some of the instructions about how I was supposed to distribute the money were unclear. I did not know if I was to give everyone $10 or split the $10 between everyone.,no,Race or racism.,20,Female,Math and Computer Science,White,High School / GED,100,12/5/13 16:16
241711369,R_1pF1wM0cVPLog8f,3778486,330,0,-0.5,-0.2,-0.38,-0.33,100,10,5,9,2,4,3,3,8,5,5,1,1,2,8,5,3,4,2,3,2,1,3,To determine if racial bias plays a role in wages/economic advantage,No,"No, except the random giving away of money","Racial bias, maybe face recognition",19,Female,Biology Major,White,Some College,100,10/26/17 9:33
141384185,R_1LuqrfyecXyJ4bF,3779150,388,0,0.5,-0.32,-0.3,-0.01,100,10,5,6,4,4,5,4,5,5,4,5,4,5,4,5,4,6,4,4,4,4,50,exploring financial descisions based on everyday stereotypes ,no,no ,more specifically about racial stereotypes,19,Female,Photography and Psychology,Asian,4-year College Degree,100,11/30/17 15:29
819009821,R_3adQSIEgHOj8bQt,4000979,369,1,-0.5,-0.32,0.26,-0.43,10,10,7,6,9,6,7,8,9,8,9,9,8,5,5,5,7,7,8,5,7,6,91,To determine if being exposed to a certain race/facial appearance will affect how we view and act towards them.,No.,I do not think that people in real life will be handed the money allocated to them. ,To determine one's own racial biases.,19,Female,Psychology,Hispanic,Some College,50,11/20/13 9:28
164472946,R_1mOWWCJ7dpopbqR,4033013,315,1,0.5,-0.48,0.49,0.51,10,10,3,5,3,3,3,4,5,4,5,2,4,0,3,2,0,5,1,4,2,5,40,something regarding race?,no,not really,yes because the purpose was only about giving money to people and yet the majority of the experiment was dealing with something else,20,Female,nursing,"Asian,Native Hawaiian or Other Pacific Islander",Some College,100,10/18/13 10:02
930094725,R_YReyYuY4olWg8Mh,4146909,232,0,0.5,-0.01,0.65,0.39,100,10,10,7,7,7,7,7,8,5,7,7,10,4,5,7,7,10,2,6,3,5,20,To see if our associations of people (white or black) affects how we might allocate money differently. ,no,That the players were also part of the study,How we might percieve others may affect how bad or good we feel about them,22,Female,psychology,White,4-year College Degree,70,6/1/17 12:39
570523997,R_UW5dK1KP9RYsAnL,4208680,262,0,-0.5,0.68,0.19,0.48,100,10,10,10,10,9,10,10,10,10,10,8,10,8,10,10,8,10,8,9,10,8,70,Implicit Bias Test,No,No`,No,19,Female,Hospitality and Tourism Management ,White,High School / GED,100,4/20/17 15:32
562061955,R_6njtUgeGgvecASd,1847056,277,1,-0.5,0.11,0.02,0.05,10,10,9,10,9,10,10,10,10,10,10,10,10,9,10,10,10,9,9,9,10,10,11,To determine implicit biases held towards african americans and white americans,the required distribution of money,not necessarily ,implicit biases ,21,Male,psychology ,Black or African American,Some College,60,4/30/13 12:55
659747898,R_Apq7qDUSoonvJ4J,4232194,231,1,0.5,0.54,0.87,0.6,20,10,8,8,9,8,8,8,9,8,8,8,8,8,8,8,8,8,9,9,8,8,90,People's perception of others based on race and wealth,no,no,no,20,Female,Nutrition,Asian,Some College,100,5/31/13 12:42
117312289,R_UAQ6shehJaihEU9,4235827,237,1,-0.5,0.6,0.24,0.72,10,10,8,9,8,7,7,8,8,10,10,9,4,9,6,7,8,7,4,8,10,9,100,to test implicit biases towards people of different races and skin color,no,"I didnt believe that the money was actually going to those people, so it was easier to vary the amount of money I gave","probably, but I am not sure what it would be",20,Female,"Gallatin: Genetics, ethics and psychology",White,Some College,100,11/7/13 10:33
420994272,R_2xFw4YS0N4obey4,4305848,258,0,-0.5,0.54,0.48,0.15,5,5,1,1,1,1,1,1,1,1,1,1,1,1,1,1,1,1,1,1,1,1,2,To see if people assume race with good and bad and see if that affects their charity,nope,nope,"yes, test out systemic racism",18,Female,"Media, culture, communicatons",White,High School / GED,100,4/19/17 11:44
236973095,R_1FfEJ8naIfnDmRR,4417875,327,1,0.5,0.08,0.28,-0.33,10,10,4,10,4,5,4,6,10,10,6,5,8,1,7,6,5,7,0,2,4,6,87,To see how we would implicitly be affected to make decisions,No,Those gray faces I had to choose from obviously were combos of several faces. You had faces that didn't even look that human because of the mismatch of facial features,To study implicit associations of people,19,Male,Biochem,Asian,4-year College Degree,80,10/22/13 14:14
322480288,R_3dG4izZbFpErmbq,4502476,404,0,0.5,-0.34,0.38,0.07,100,10,4,4,2,8,5,7,3,5,9,3,10,9,1,6,5,5,1,0,2,3,12,To measure racial bias,no,Not really,Not sure,20,Male,Unemployed/Undecided,Asian,Some College,90,12/8/17 10:41
995610090,R_2eOtq9mrlojuEkW,4610791,276,0,0.5,0.56,0.72,-0.18,10,1,4,8,5,3,6,4,4,4,5,4,5,3,4,7,7,6,3,4,6,7,45,Whether race has anything to do with predisposition of monetary values ,no,no,I'm not sure,19,Male,NYU Freshman / Psychology,Asian,High School / GED,100,4/27/17 12:48
960682971,R_3kc9eCHPwA8UQkh,4621818,229,1,-0.5,-0.26,-0.53,-0.21,10,10,6,8,4,9,4,7,9,6,7,6,9,1,5,5,7,8,3,7,5,5,70,Test impliced bias in the context of lending money/ business/ housing.,no.,no.,"Making the paticipent awere that they are in the position to give money, then doing an implcied bias test and checking the correlation between the test, the way they identify the faces, and the money they give. ",19,Female,Film and TV student,White,Some College,80,4/26/13 12:53
200543798,R_3NWyTkOtcasevTL,4662679,293,1,-0.5,-0.46,-0.65,-0.48,10,10,1,1,1,1,1,1,1,1,1,1,1,1,1,1,1,1,1,1,1,1,72,To see bias? idk,no,it was hard when two categories were combined ,i dont think so ,21,Male,Student ,White,Some College,100,6/14/13 9:40
424949952,R_2R49oSWw7j0Mjrl,4753126,215,1,0.5,0.32,0.27,1.22,10,10,3,6,5,5,4,6,5,5,5,5,6,4,6,6,4,6,4,6,5,5,71,Priming through the category test,No,No,Priming?,21,Male,Finance and Mathematics,Asian,4-year College Degree,100,4/5/13 12:32
478236895,R_2wgcU9gft7xLfxW,4819967,220,0,0.5,-0.04,0.74,0.29,10,10,2,1,1,2,1,1,1,1,1,3,3,1,1,1,1,1,1,1,1,1,10,distribute money depends on race,no,no,no ,23,Male,Social Work,Asian,High School / GED,100,4/18/17 10:39
625600527,R_231XEJgbuUcK3xv,4885021,356,0,0.5,0.46,0.47,0.51,10,10,7,7,7,7,7,7,7,7,7,7,7,7,7,7,7,7,7,7,7,7,39,"The purpose, I think, was to detect racial bias in handing out the money.",Nope.,Nope.,Nope.,20,Male,Economics Major,Asian,High School / GED,100,11/9/17 15:37
481301355,R_32Vk3iCEdtHe2oA,5036059,261,1,-0.5,0.1,0.17,0.33,1,10,2,2,1,1,1,1,1,2,1,2,2,0,1,1,1,2,1,1,1,1,10,Racial Profiling,no,NO,NO,22,Male,ECONOMICS,Hispanic,4-year College Degree,50,4/19/13 12:28
781053451,R_2EB4PjMJRA7vTjG,5160015,359,1,0.5,0.03,0.66,0.16,10,10,0,0,2,2,1,0,1,0,3,0,2,0,0,1,0,2,0,0,5,0,70,To determine stereotyping. ,No.,No.,How the mind reacts and thinks when seeing other people.,20,Male,Film/Psychology. ,Asian,High School / GED,80,11/12/13 11:53
341999738,R_2Y2JH7I4TQ1IXAy,5077251,294,0,-0.5,-0.54,-1.2,-0.55,100,10,10,10,10,6,10,10,10,10,10,8,6,10,4,6,5,7,0,5,1,0,100,i don't know,no,n/a,n/a,22,Female,Post Bac,Black or African American,4-year College Degree,100,6/22/17 9:50
141268883,R_2b2jDfiUObMenfB,5162026,287,1,0.5,0.95,0.24,0.59,10,10,5,5,5,6,7,5,5,4,5,5,3,2,4,6,3,5,2,3,5,3,30,To study schema on how words and race is inter-played within a society,No,Race shouldn't define wealth or threat that someone has,How skin color is associated with certain words,21,Male,Student/Politics,Asian,Some College,50,5/10/13 15:04
659889751,R_cAX3JcNPemzFG25,5177074,311,1,0.5,0.03,0.6,-0.35,10,10,10,10,10,10,10,10,10,10,10,10,10,10,10,10,10,10,10,10,10,10,100,to see if because of the previous tasks you would give a person less money even when it told you tot give 10 to everyone,no,no,no,19,Female,Biomolecular Science,White,Some College,60,10/16/13 13:01
71967964,R_3qKVPzqewYjqtJC,1396883,273,1,-0.5,0.27,0,0.02,10,10,5,1,7,5,5,8,5,6,4,3,2,3,3,5,1,7,7,1,1,0,91,To determine if race plays a role in deciding how to divide resources.,No.,No.,If there is a relationship between how different races treat each other when in control.,19,Male,Political Science,"White,Hispanic",Some College,100,5/2/13 12:42
926330345,R_dbRcOhFiugjhwA1,5219411,383,1,0.5,0.12,0.76,0.27,10,10,2,2,2,2,2,2,2,8,2,2,0,0,1,1,1,2,2,0,1,0,21,Willingness to give determined by race,is 10 avaiable for each person. or is 10 total and the amount avaialbe to give decreases after each person,no,no,22,Male,finance and economics,Asian,4-year College Degree,100,11/29/13 13:33
194973094,R_3Lb4QMw8PU0QmVi,5310277,297,1,-0.5,0.52,0.05,-0.08,10,10,0,2,0,1,2,6,4,0,5,1,3,0,4,3,4,4,3,5,5,6,96,To determine any racial bias,No,No,No,22,Male,Computer Engineering,Asian,4-year College Degree,100,7/26/13 11:47
699641305,R_2fkEnWX4EkwUqYU,8342121,301,1,-0.5,-0.23,0.44,-0.59,10,10,10,10,10,10,10,10,10,10,10,10,10,10,10,10,10,10,10,10,10,10,100,"To use the Implicit Associations Test to determine how we, based on our unconsious biases, view white and black people as wealthy or poor, and needy or not-needy. ",No,No,"Although it was to determine how one would allocate funds, it was also more-so to determine one's aware or unaware preconceived notions on particular groups of people and how one would allocate money based on on these racial notions.",20,Male,Student/ Marketing,"Black or African American,American Indian or Alaskan Native,White,Hispanic",High School / GED,30,9/28/13 9:37
608205413,R_dclyPVA2jvYH4oF,5369343,312,0,0.5,0.4,0.16,0.11,3,10,0,1,0,4,7,1,3,8,4,2,0,2,3,7,4,5,0,4,1,1,50,Racial bias in finance and banking,No,The reliability score of IAT which is 0.6,Implicit bias,19,Male,Student/Film & Television,Other,High School / GED,100,10/18/17 12:13
507513408,R_3dS3N487nd5fffH,5397229,211,1,0.5,0.53,0.23,0.23,10,10,5,6,5,5,5,5,5,5,5,5,5,5,5,5,5,5,6,5,5,5,100,perception,no,no,yes,18,Female,undecided,Asian,High School / GED,100,3/30/13 10:12
82171607,R_43id9eTIwQkCgqR,5486373,288,0,0.5,-0.15,0.13,-0.26,10,10,4,4,2,3,8,7,6,4,7,4,4,4,6,5,3,5,2,3,3,2,70,To distinguish how people react to black vs white males with regards to money,no,No,don't know,20,Female,Psychology,Other,Some College,100,5/4/17 14:37
859833321,R_AGyBCKWWFzmZ2wN,5496891,324,0,0.5,-0.19,-0.06,0.22,100,10,7,8,7,7,5,8,7,7,8,7,5,7,6,6,3,8,2,7,4,5,35,"To identify bias between giving people of certain races certain amounts of money, and to see any sort of association between negative and positive words and different races.",No.,No.,I can't think of anything else.,18,Male,Film and television,White,Some College,100,10/23/17 11:33
498320152,R_1d0rYE5UfStIpFq,5535267,325,0,-0.5,0.58,-0.04,0.25,3,10,1,6,7,3,4,7,5,6,4,7,3,3,5,6,5,3,3,6,4,3,50,Distinguish different person's traits,no ,NO,Judgment upon others,18,Male,Econ,Asian,High School / GED,40,10/23/17 12:36
652755216,R_sYWLOGCWAiDgUA9,5575117,339,1,0.5,0.31,0.34,0.51,10,10,3,3,3,3,3,3,3,3,3,3,3,2,3,3,3,3,3,3,3,3,20,"people's general behavior or thoughts towards different races(in this case, ""white"" and ""black"")",No not really,No,Racial discrimination,20,Female,Economics,Asian,Some College,100,11/1/13 14:22
253222334,R_3k7Yujs5hZbyYh5,5585788,235,1,0.5,-0.55,0.46,0.18,10,10,8,9,7,9,9,8,8,7,8,9,7,7,9,8,6,9,5,6,6,8,100,to test if priming with negative and positive words had an effect on the monies given,no,the changes in the faces in the 15 minute section were very minute,"to determine what qualities (eyes, mouth shape, nose, etc) and combinations thereof contributed to people's notion of ""African American""",19,Female,Nursing,White,Some College,30,11/2/13 9:43
564287427,R_XplORAy2zYIZU1r,5622596,361,1,-0.5,0.53,-0.39,-0.09,10,10,10,10,10,10,10,10,10,10,10,10,10,9,9,10,9,9,9,10,10,10,97,To see the how we associate stereotypes with trust. ,"Yes, I wasn't sure how much money I had to give. It seems by the nature of the question I was expected to give others less, but the instructions made me think I could give everyone the maximum of 10 dollars. ",It was really tough to identify the African American man in the two side by side faces. ,To investigate how common the average test subject associates African Americans with things of ill repute. ,18,Male,Student/ Undeclared,Hispanic,High School / GED,30,11/14/13 15:03
169684423,R_3ewRJmJT93q4c99,5681891,285,1,-0.5,0.39,0.27,0.14,10,10,3,7,7,7,5,8,4,5,5,8,2,3,2,5,5,6,5,6,4,4,100,to see if we associate faces and the allocation of money together,nope,No,"maybe about the association of skin color and the way we perceive them in society, black = good /     white = bad   /  viceversa",20,Male,GPH/Sociology ,Other,Some College,100,5/2/13 13:34
506096189,R_tQH4qmHkCyhbtwB,5283085,310,0,-0.5,-0.15,-0.35,-0.49,100,10,1,10,10,10,10,10,10,10,10,10,10,10,10,10,10,10,10,4,1,0,80,Draw connections between racial biases and real world application,"Yes, I thought I had to give everyone the same chosen amount of money. ie. $10",No,No,19,Female,Communicative Sciences and Disorders,Black or African American,Some College,,10/17/17 11:57
441370832,R_1rreHxfOGqsnZYE,5684595,259,1,0.5,0.22,-0.37,-0.31,10,10,1,1,0,2,1,1,1,1,1,0,1,0,0,0,0,0,0,0,0,1,100,to determine if race has an effect on how one's money is perceived,no ,Many of the faces were much too similar ,Also to demonstrate how certain types of races are viewed/categorized. ,18,Female,undecided,Asian,High School / GED,100,4/19/13 9:43
587984852,R_2D22h98TC92zmAS,5713312,378,0,-0.5,0.11,0.38,0.62,10,10,5,8,4,6,5,5,7,5,6,6,4,5,6,8,7,8,6,5,6,5,10,to find out the impact of one's perception on others,no,no,attitudes ,19,Male,Business and Finance,Asian,Some College,100,11/27/17 12:16
961234594,R_2SfdHlBPvCi0Spb,5726401,318,0,-0.5,0.46,0.46,-0.04,5,10,3,6,4,2,6,5,3,4,3,3,3,1,2,4,3,2,2,1,1,3,41,to see how race might play a role in money distribution ,no,no,no,19,Male,photography,Asian,High School / GED,50,10/19/17 15:34
475131681,R_3p3eD3eoQISfJLQ,5729095,353,1,-0.5,0.13,0.53,0.36,10,10,9,8,5,9,8,10,10,9,7,8,7,6,7,9,6,6,5,6,7,8,100,Studying how people allocate money to different individuals,no,no,how physical appearance determines how money is allocated?,18,Female,Individualized Major ,White,Some College,100,11/8/13 15:10
46018263,R_3qwkCIgNjzGh5YL,5734753,221,1,-0.5,0.06,0.33,-0.43,10,10,4,7,3,4,7,6,4,4,6,3,7,1,5,7,4,5,2,2,5,2,40,Association/implicit bias,Nope.,no.,no.,20,Female,Psychology,Asian,High School / GED,100,4/19/13 9:43
189497835,R_3g5h9jiYIIM1Tqa,2428427,316,0,0.5,-0.44,-0.2,-0.26,100,10,10,10,10,10,10,10,10,10,10,10,10,10,10,10,10,10,10,10,10,10,62,To test racial biases,no,"I didn't understand how I was supposed to make out a face from those black and white images to determine if the face was ""African American"" or not...",To test if racial biases will lead to how one distributes money to people,18,Female,Psychology,Black or African American,2-year College Degree,50,10/19/17 10:52
430036551,R_3Dd5fz3QcD4o4up,5746504,281,1,-0.5,0.07,0.69,0.58,10,10,3,3,3,2,3,2,4,2,5,2,5,4,5,6,6,4,1,2,4,5,100,Compare perceptions of race and quality,No,no,racial bias and apperances,18,Male,History,Hispanic,Some College,100,5/8/13 13:45
8581540,R_2z8dpBtQ550B2Kz,5812426,399,1,0.5,0.65,0.67,0.65,10,10,10,10,9,10,10,10,10,10,10,10,10,8,10,10,10,10,7,10,7,10,50,Racial views,Did I have to give each particpant ten or was I just able to give them up to ten (I read as the second),no,Yes racial views,24,Female,Psych,White,4-year College Degree,100,12/6/13 9:19
32624471,R_BrbSAzClWIlBgml,5830295,209,1,-0.5,0.76,0.14,-0.33,10,10,8,7,7,7,7,7,7,8,7,7,7,6,7,8,7,7,6,7,7,7,70,stereotype of black and white ,no,no,I don't remember the stated purpose...,18,Female,Student / Hospitality and Tourism Management,Asian,High School / GED,30,3/29/13 11:59
272833161,R_2UeYI1EfQEgwyJj,5969934,395,1,0.5,-0.16,-0.07,0.03,10,10,6,8,6,7,7,7,9,4,6,5,4,5,8,8,7,6,6,7,5,6,100,To see how different amounts of money are given to different types of people,none,No,Does race play a factor in the allocation of money?,19,Male,Finance,Hispanic,Some College,40,12/5/13 15:46
921224551,R_10HQvQiSqpN7TJY,1823462,321,1,-0.5,0.15,-0.48,0.05,10,10,5,5,4,5,5,5,5,5,5,5,5,5,5,5,5,5,4,4,5,4,75,To see if the amount of financial help someone is getting differs if one was either black or white or looked more black or more white,No,No,No,17,Male,Psychology,Black or African American,High School / GED,40,10/26/13 10:22
687467118,R_OC0YggsvVOeFjJ7,6032849,348,0,0.5,0.15,0.36,0.16,100,10,5,6,3,6,8,8,7,4,10,6,7,1,4,5,3,7,3,7,4,8,59,to show the correlation between money/ negative and positive connotations and race,No,No,Racial stereotypes,19,Female,Business and Political Economy,Asian,High School / GED,100,11/9/17 12:27
273354247,R_2WIjrIVdha9M9x9,6119359,329,1,-0.5,0.25,0.17,0.46,10,4,5,6,4,2,8,3,6,4,9,7,9,5,2,4,4,2,1,7,7,3,34,tie how we subconsciously group white and black people,the first part question were unclear,no,no,18,Male,psychology,Asian,High School / GED,70,10/24/13 13:24
668750194,R_2nQIKBPMfMtVhuh,6160109,247,1,0.5,0.11,0.53,0,10,10,10,10,10,10,10,10,10,10,10,10,10,10,10,10,10,10,10,10,10,10,91,"Discover the preconceived ideas of race and the perception of the association between class, economic status and the ethnic community one belongs to. See if the participant has a bias towards a certain ethnicity. ",No,No,Yes,18,Male,Film and TV,White,Some College,50,12/5/13 9:49
558575764,R_2CPO7RPwPBwhzCV,6165669,222,0,-0.5,0.01,0.08,0.61,100,10,10,10,10,10,10,10,10,10,10,10,10,10,10,10,10,10,10,10,10,10,100,racial stereotypes/associations,no (the particular keyboard i worked wasn't good though),Who is African American. Should rename to Who looks more African American,"don't understand what purpose to assigning money does, since most people would give out equal amount after doing the tasks",19,Male,Student/Psychology/Math,Asian,Some College,100,4/24/17 15:02
423384805,R_2VJDFBCpeirdncE,6207437,201,1,-0.5,0.65,0.08,0.15,5,10,10,10,6,10,10,9,10,7,10,9,7,4,9,10,9,8,3,9,5,6,94,To see if we would discriminate the money we would give by the race of the person,no,no,nope,19,Male,Psychology Major,Asian,Some College,40,3/20/13 12:41
317292501,R_3sbJJeLhvThvDbl,6269701,279,1,0.5,0.53,0.43,-0.1,10,10,1,1,1,1,1,1,1,1,1,1,1,1,1,1,1,1,1,1,1,1,30,race stuff,no,no,no,21,Male,Econ,Asian,4-year College Degree,100,5/1/13 9:32
463739360,R_29hmELT0ofpETmD,6274422,384,0,0.5,-0.12,0.33,0.27,2,2,1,2,2,2,2,2,2,2,2,2,3,1,2,2,2,2,1,1,2,2,70,To test my bias on colored people,no,"For the degraded image, I was just guessing since I can't distinguish them at all.",N/A,21,Female,Econ,Asian,4-year College Degree,100,11/30/17 13:43
562421991,R_1jv3UUK4X4fczx6,6412820,363,1,0.5,0.49,0.78,0.72,10,10,0,3,4,5,2,1,6,5,3,4,4,2,7,8,6,7,3,6,7,3,60,Establish a link between the color of people and character,Nope,No,IDK,20,Male,Economics,Asian,High School / GED,70,11/15/13 13:37
827242314,R_eLKUjoRyQiAn0tj,6557267,390,0,-0.5,0.31,0.13,0.34,100,10,5,3,3,5,3,6,3,5,5,0,5,0,5,5,0,5,0,3,6,1,89,to determine how biased people are when deciding to give money to people on the streets based on their race,no,no,to determine how willing people are to give all their money to people who need it,19,Female,Chemical and Biomolecular Engineering,Hispanic,Some College,50,12/4/17 11:53
335782695,R_3mehhb4TqagsW53,6622583,401,1,-0.5,0.16,0.3,0.5,7,10,6,8,7,8,8,7,7,8,8,7,6,6,7,7,6,6,6,6,6,6,70,I think it was aiming to analyze the ways we perceive affluence in others.,The instructions describing the task of allocation were not super clear. I think it would be easier if the study did not even mention the opportunity to be a receiver or allocator and just told subjects which one they had been assigned.,I think that facial expression or age might have influenced my allocation of money to each person. I am wondering if these are being considered as factors in that decision.,I think this study also analyzed implicit racial biases and their impact on allocators' generosity.,19,Female,Psychology and Neuroscience,White,Some College,100,12/6/13 15:30
933456772,R_3M3wbGfxSZl9iV7,6700209,387,1,0.5,-0.16,0.22,-0.04,10,10,2,5,4,3,4,5,5,5,3,5,3,4,3,6,5,3,1,5,3,4,60,to see if people are implicitly racist or not,"the bit about money was a little confusing, but I understood once the part where I had to give money out started",No. But it was very difficult to tell which face was black when they were distorted; they all looked basically the same.,"As I said before, to see if people are implicitly/subconsciously racist.",18,Female,Music Business Major,White,Some College,100,11/29/13 15:19
513082963,R_3QQ41UVlVn7OhjR,6744876,337,1,-0.5,0.64,0.06,-0.22,5,10,5,5,5,6,6,5,5,6,5,5,5,5,5,5,4,5,4,4,5,5,51,reaction time of assigning words and faces,no,no,no,19,Male,biology,Hispanic,Some College,70,11/1/13 9:23
836218095,R_3DtqIrXBpdEqiS7,7882495,392,0,0.5,-0.04,0.32,0.16,100,10,8,7,5,5,8,6,8,6,7,6,5,5,5,8,8,8,5,6,5,7,80,To see how we perceive how much money people should be given based on prejudices of race and appearance,all instructions were clear,I didn't understand what the context was for giving money to people.  Did I want more for myself?  Was I investing in something?  Giving to a homeless person?  It didn't feel like a real scenario.,"This could also just be a general test of people's altruism with respect to money, regardless of race and prejudice.",18,Male,Business,"White,Hispanic",Some College,100,12/6/17 14:58
33122749,R_1ikdkKWi1DUxXqu,6778422,342,0,-0.5,0.48,0.15,0,100,10,1,1,1,1,1,1,1,1,1,1,1,1,1,1,1,1,1,1,1,1,49,How prejudice can influence distribution of resources,no,no,yes,28,Male,psychology,Hispanic,Some College,30,11/8/17 14:54
654244382,R_2uDPtp2SAmYwjNK,6839084,319,1,0.5,0.29,0.75,0.75,10,10,10,10,10,10,10,10,10,10,10,10,10,10,10,10,10,10,10,10,10,10,96,"To see if our preconceived notions about race would affect whether or not we gave certain people more money or less money. I think the tasks beforehand were serving to prime us to see if we did better when good or bad connotation of the word matched a certain race or not,",The instructions for how the money could be made clearer with an explicit example but it was pretty clear overall. ,"not untrue, but the part about which face do you think is african american was highly repetitive and there was no way to distinguish the faces so it just went on too long. ",Seeing what our preconceived notions about race are that may or may not affect how we judge others worthy of things like free money. ,20,Female,Mathematics & Psychology,White,Some College,100,10/18/13 16:06
284936783,R_vVMT8jqlZhpHoJP,6861688,331,1,0.5,0.82,0.53,0.59,10,10,3,4,3,3,5,2,3,2,3,2,4,2,5,4,3,4,1,3,2,3,30,To find how biases in appearance and race impact willingness to give money/opportunity.,No,"I wouldn't distribute money purely on appearance in the first place, though I allocated various amounts for the purpose of the study.",Just about the biases,18,Male,Business/Finance,Asian,Some College,100,10/25/13 11:03
162257230,R_pFSDhWWGLePadhv,4630820,336,0,0.5,0.32,0.02,-0.02,100,10,10,10,9,9,10,10,10,9,8,8,9,4,8,3,2,4,2,4,8,3,17,I think the implicit task wanted to see the underlying biases we hold concerning different races. Not too sure about the money distribution part though!,No.,"I would say pairing negative terms with blacks, but I understand that's the nature of an implicit bias task.",How our decisions are affected by our biases concerning different races.,20,Female,"English, Psychology",Black or African American,Some College,30,11/1/17 15:05
342601437,R_2ccF3yha5GmAlcl,6864698,350,0,-0.5,0.47,0.62,0.34,10,10,1,10,2,6,10,10,4,4,4,10,7,2,2,1,1,5,0,1,3,1,39,How we associate wealth and race,Nope,No,No,19,Female,Nursing,White,Some College,30,11/9/17 13:34
899090302,R_1PcnAMRhaXkjP3i,6868772,403,1,0.5,0.23,0.48,0.26,10,10,8,9,6,10,10,10,9,9,9,6,8,3,7,8,8,7,5,6,6,7,100,to see how people may discriminate when distributing money,no,no,no,18,Male,Education Studies,Asian,Some College,100,12/6/13 16:13
585407264,R_2uHYCtt3UHZVuqx,4380432,270,0,-0.5,0.12,0.33,0.1,100,10,5,7,4,7,8,7,6,9,9,5,8,5,8,9,8,10,3,6,7,5,69,To test racial bias,no,No,About assessing racial bias,19,Male,Business,"White,Hispanic",Masters Degree,100,4/26/17 8:58
298682196,R_1OZvoDcBD5KRBvM,7051721,307,1,0.5,0.15,0.72,0.12,1,10,8,10,10,8,8,9,9,7,8,7,9,8,3,6,7,7,10,4,6,7,80,whether race and financial circumstances correlate when we distinguish others,no,no,not sure,18,Female,biology Pre-Med,Other,Some College,80,10/12/13 10:35
829183035,R_qOWkZ4nEUua7upz,1617497,340,0,0.5,0.13,0.57,0.43,10,50,8,10,5,6,6,8,8,9,5,9,5,5,9,10,6,9,5,7,6,7,50,To see how people take account of race and ethnicity when making decisions.,No,No,No,18,Female,Undecided,Black or African American,Some College,,11/2/17 15:09
381170722,R_2tLGJHOKmBSeaTC,7071072,234,0,-0.5,0.1,-0.11,0.14,100,10,4,6,1,7,1,3,3,3,2,1,1,1,7,8,1,5,1,2,1,1,50,"To see how we would distribute money, based on race","I was unsure if I would be keeping the money not gifted, and how to measure how much I should give away",no,yes,23,Female,English and American Literature,Asian,Some College,70,11/8/17 9:44
551569920,R_2dEBv5bwslnFFAB,7110932,382,0,-0.5,0.17,-0.25,-0.18,100,10,2,4,2,4,3,3,3,4,1,1,3,1,3,5,1,1,2,4,3,2,10,to test racial prejudice through reaction time and the amount of money given out,no,no,no,21,Male,Psychology,White,High School / GED,100,11/29/17 16:16
254126124,R_3O8PWmWp4mmX9u2,7119347,332,0,0.5,-0.53,0.63,0.51,20,10,5,6,5,4,6,5,8,6,2,6,1,5,7,8,0,8,2,4,7,4,90,I think the aim of this experiment was to test whether race had anything to do with giving back to the homeless or people in need.  it was basically  testing whether the skin color of the person in need affected my decision in whether id give back or not.,no ,no,"yes, racism in giving back",19,Female,pre -med/psychology ,Other,High School / GED,100,10/26/17 12:31
840257468,R_SN5WnnozcjFEqqJ,7483994,344,0,0.5,0.09,0.67,-0.01,100,10,5,6,10,8,9,6,5,6,5,6,3,4,4,2,3,5,3,4,3,3,29,I think the purpose of this experiment was to see the different associations we all have with Blacks and Whites and also how strongly we strongly we associate certian ideas and labels with different races. ,No,"During the part of the study when I was asked to identify which person  was African American, sometimes both people looked African American to me.",No.,20,Female,Psychology,Black or African American,Some College,100,11/8/17 15:19
382247588,R_ZE1EgtA7RQ5eN1L,7161035,360,0,0.5,0.4,0.53,0.37,10,10,2,6,2,2,5,6,5,2,4,6,3,3,4,5,2,5,3,6,5,4,17,to see how our innate judgement/prejudice of race affect our decisions,no,"im not sure, the pictures of african americans all look the same. I couldnt choose so i guessed",How much of the media has influenced our decisions/assumptions of people,18,Male,Finance,Asian,High School / GED,30,11/15/17 14:13
641788197,R_1CHK1DXLkuQdvjB,7188674,349,1,-0.5,0.34,0.43,0.16,10,10,10,10,10,10,10,10,10,10,10,10,10,10,10,10,10,10,10,10,10,10,100,To find out if this a correlation between money distrubitation and race,none,No,No,18,Female,Student,Hispanic,High School / GED,30,11/8/13 13:25
348247573,R_2ZQFjiGAvYqcDRI,7224460,317,1,-0.5,0.2,0.44,0.48,10,10,4,4,2,2,3,3,3,2,2,2,2,2,2,2,2,3,2,3,2,2,100,how does images affect logical decision,no,why are players either black or white? why are players all male?,"race, prejudice toward certain words in language, proactive interference",20,Female,Business and Politics,Asian,High School / GED,100,10/18/13 14:54
893211397,R_3QQsGdebbrSLQ8y,7244220,269,1,-0.5,-0.43,-0.22,0.12,10,10,5,8,4,4,5,5,5,3,6,5,3,2,4,6,6,4,4,3,5,3,100,to determine racial bias,no,some of the faces did not have any distinguishable african american or caucasian features  ,racial preference,19,Female,Student/Mathematics,Hispanic,Some College,90,4/24/13 15:41
78168432,R_1Iz1W7BJ2tYa36V,7302569,357,1,-0.5,0.52,0.02,0.47,10,10,8,7,4,8,4,6,7,3,5,2,2,3,3,6,4,4,3,3,5,3,50,testing implicit bias ,no ,There were no statements that I could judge. ,"I do not know whether this was another purpose of the study, but reporting the percentage of the right answers and the speed at the end of the implicit bias test made me realize my bias ",20,Female,Biology,White,High School / GED,90,11/12/13 10:38
94553856,R_1mPgt94eJLtOfgs,7307893,305,1,-0.5,1.17,0.2,0.34,10,10,2,3,2,6,5,2,2,2,2,2,1,0,2,1,1,2,1,1,1,1,85,"To determine implicit associations with African American men as being bad, untrustworthy, etc. as compared to implicit associations of white men.  ",No,The fact that I would be allocating money to past participants; it would be unethical to divulge faces of past participants so this seemed untrue. ,"I think the study was specifically looking at image of specifically men in terms of implicit race associations. Additionally, I think the cash allocation was to determine how trustworthy we saw each black or white man with cash. ",20,Female,Psychology,Other,High School / GED,100,10/2/13 12:02
64758504,R_3D2rQ0ZRbo3Fv6u,7330847,374,0,-0.5,-0.03,-0.58,-0.41,100,10,10,10,10,10,10,10,10,10,10,10,10,10,10,10,10,10,10,10,10,10,11,To see if people tried to change their bias in the money allocation part of the experiment based on how they thought they did on previous parts to make them seem less biased,No,"One of the white gentlemen from the photos looked biracial, switching keys/associations was tricky on its own at times",People's awareness of their implicit and explicit biases,18,Male,Student- Film Production,White,High School / GED,100,11/21/17 12:58
483475855,R_1DxbvLHojf2znV8,7471528,394,0,-0.5,0.5,0.39,0.17,100,10,0,2,1,1,2,1,3,3,2,2,3,1,3,4,0,3,0,2,0,2,10,"seeing what association I'd make between race  and trust to see how I'd allocate money / how society shapes my view of race and how I associate a race with certain words describing kindess/hostility, wealth and poverty",no,I don't know,I don't know but the pictures in the last task (money allocation) looked like mug shots.,20,Female,Marketing,White,Some College,30,12/6/17 15:35
470579302,R_3ETloWgXYej6cHi,7548834,252,0,0.5,0.12,0.29,0.32,10,10,5,8,4,7,7,5,6,6,6,3,5,1,6,6,4,5,2,4,3,2,91,To study prejudice,No,No,Possibly racism,20,Male,Part-Time Barista/Psychology,"Asian,Hispanic,Native Hawaiian or Other Pacific Islander",Some College,100,12/7/17 10:14
524444420,R_cvYgx1vbWdV8IJb,3037310,354,0,-0.5,0.58,0.29,0,100,10,4,5,4,1,2,1,3,2,1,4,1,4,2,2,1,0,0,1,1,1,10,To allocate money to people from the $10 we were given,no,No,I think this study was also about how people perceive others based on race,18,Female,Biology,Black or African American,Some College,40,11/9/17 14:58
143672131,R_2qqjACgp3ljNDBa,7634658,227,1,0.5,-0.28,-0.04,0.23,10,10,5,5,5,5,5,5,5,5,5,5,5,5,5,5,5,5,5,5,5,5,50,to see whether i as conditioned to give more or less money to a specific race,how much money i had to distribute to each person,no,no,19,Female,undecided,Asian,Some College,60,4/26/13 11:43
422185118,R_b94bbaeF0THBRTj,7688055,253,1,-0.5,0.55,0.9,0.27,10,10,10,10,10,10,10,10,10,10,10,10,10,10,10,10,10,10,10,10,10,10,100,"Implict bias, how much money to give an individual depending on his face/race ",No,Yes,No,20,Female,Student/Biology,Asian,High School / GED,80,12/6/13 15:43
256081708,R_2wEQ2OWdPQZ8vAh,7727328,306,0,-0.5,0.04,0.84,0.4,100,10,8,9,6,6,10,8,8,9,6,8,10,5,6,9,7,10,6,7,10,7,19,to see people's color's impact on others' impression on them,no,i cannot tell any difference from the pictures at all,how pictures' clearness impact people's mood :),21,Female,Childhood Education,Asian,Some College,100,10/3/17 12:53
855867523,R_3qDTcNWUffXqYv0,7374520,309,1,-0.5,0.66,-0.15,-0.03,10,10,10,8,8,10,8,8,8,8,8,8,10,6,8,8,6,8,6,8,8,8,80,Perhaps to see what I associate with different people,I would have liked more instructions about the allocation part,No,"Yes, about race inequality ",24,Female,Law major,"White,Other",2-year College Degree,40,9/25/13 15:01
764266231,R_2eWq9sVmcQaXFhR,7846195,207,1,0.5,0.1,0.22,0.34,10,10,9,9,9,9,9,10,9,9,9,9,9,9,9,9,9,9,9,8,9,9,91,To examine how participants behave differently when interacting with people of different race.,All of the instructions were cleart,No,Not that I could think of,18,Male,Photography,"White,Hispanic",Some College,100,3/23/13 12:38
180439101,R_XTi9QEe6qPRU2Q1,7766313,267,1,0.5,0.39,0.19,-0.1,2.25,10,2,2,2,2,2,2,2,2,2,2,2,2,2,2,2,2,2,2,2,2,1,Trying to skew my perceptions of black people compared to white people,"I didn't understand the purpose of the last part. I thought the instructions were to divide the money between FOUR people, not like 20. I also see no reason why I would not give an equal amount of money to everyone, for the last segment.","I don't think there was any room to judge because in the first four segments even if the study associated a face with attributes, it didn't serve to define the face. Frankly, I just thought the experiment was a little wack.","Yes, but I do not know what it is. I feel as if every psychology research does not state its true intent.",19,Male,Fine Arts,Asian,High School / GED,30,4/24/13 12:44
989027092,R_2wRfWTAslmxeDz9,7777283,322,0,-0.5,0.18,-0.5,-1.09,100,10,10,10,10,10,10,10,10,10,10,10,10,10,10,10,10,10,10,10,10,10,30,To measure implicit associations with White and Black people,No,No,Conceptualization of race,20,Female,Psychology,Asian,Some College,60,10/20/17 15:54
198148372,R_3CVmrZ1iR187ybN,8320051,362,0,-0.5,0.11,0.13,-0.54,100,10,10,10,10,10,10,10,10,10,10,10,10,10,10,10,10,10,10,10,10,10,0,racial bias with money allocation ,no,no,"racial bias, and associating certain negactvie or postive words with black or white people, also deciding who was african americans based on if they had ""nice"" or ""mean"" features ",20,Female,Liberal Studies,Black or African American,High School / GED,70,11/15/17 16:26
46222238,R_1LjSCXuu2wvLikm,7780541,336,0,0.5,0.32,0.02,-0.02,100,10,6,3,5,6,3,4,3,4,5,5,3,1,2,2,1,1,5,4,4,5,75,Racial discrimination,Nope,Nope,Racial discrimination,18,Female,Student/ Psychology,Asian,High School / GED,50,11/1/17 14:10
839180309,R_3TVai3jAv2mAmpH,2281369,364,0,0.5,0.33,-0.34,-0.31,100,10,10,10,10,10,10,10,10,10,10,10,10,10,10,10,10,10,10,10,10,10,100,"To see if people attribute negative qualities to people of color and if that influences hiring processes, or career opurtunities. ",No,I did not like the part where we had to tell if someone was African American because it seemed like they were the same people just one was smilling and the other frowning and a little change in lighting. ,"It was clearly about race and how people feel about certain races, and how this may or may not contribute to our future generation when we must all go out into the world. I think this test should be a requirement for all police officers, and other public figures to take.",20,Female,Psychology,Black or African American,High School / GED,30,11/16/17 13:38
903771074,R_3n13WqxVHoKlrmn,7855589,216,0,0.5,0.13,-0.07,-0.23,10,10,1,2,4,2,1,3,2,1,2,1,5,4,2,5,6,4,1,1,5,4,25,stereotype against African American ( we will automatically associate bad word with African american),no,no,no,22,Female,education,Asian,2-year College Degree,100,4/6/17 14:27
363746725,R_2DUN9OSpLhO79jd,8031885,365,1,-0.5,0.4,0.27,0,$10 ,$10 ,3,2,2,2,6,4,3,3,2,3,1,1,3,1,1,1,1,1,1,3,10,"to see if there is a tendency to distribute more money to either african-american or white individuals, and if there is a tendency to associate positive/negative connotations with either race. ",It was unclear in the distribution of funds if I could give everyone individually $10 or if I had a total of $10 to give everyone combined. ,The photo section seemed implausible because because some of the photos look altered and after a while your eyes get fatigued. It's implausible anyone would have to look at fuzzy face images in that quantity for that amount of time. ,Definitely race and the stereotypes and bias associated with wealth and race ,20,Female,violin performance ,"White,Asian",Some College,100,11/15/13 14:23
204511210,R_ZIBA28uXgf2tGMN,1579659,367,1,0.5,-0.87,-0.05,-0.82,10,10,10,10,10,10,10,10,10,10,10,10,0,5,0,0,0,0,0,0,0,0,4,To see if racial bias impacted how willing one would be to give money to others,no,No,Racial Biases,19,Female,MCC,Black or African American,High School / GED,50,11/15/13 15:45
753037602,R_3R48qOHD01JCdgX,8037513,348,0,0.5,0.15,0.36,0.16,1,10,1,1,1,1,1,1,1,1,1,1,1,1,1,2,1,1,1,2,1,1,30,I think the purpose of this experiment was to see whether we were biased towards certain race.,No.,No.,No.,20,Female,Sports Management,Asian,High School / GED,90,11/9/17 12:31
23913768,R_1fZWk65pY9lv5Yc,8084358,296,0,0.5,0.61,0.01,0.13,100,10,4,5,3,6,6,3,4,3,5,6,1,3,1,2,1,5,2,2,3,4,5,To study racial bias and the stereotypes people may have about African-Americans,No,The fact that one person would actually be given money at the end of the study,Racial bias and profiling,19,Female,Intern at Health Center/Psychology,White,Some College,80,7/18/17 14:00
873286635,R_2afPSFOzVScjSGQ,8094462,341,1,-0.5,-0.06,0.53,-0.07,10,10,7,6,5,9,7,8,9,8,10,8,8,6,9,5,7,6,9,3,5,9,81,people's biases towards race,No.,the part of differentiate the African American,No,18,Female,Global Public Health/Social Work,Asian,High School / GED,40,11/1/13 15:59
369564896,R_1dE2Vih25X244rE,4800426,372,0,0.5,-0.49,0.19,-0.03,100,10,10,10,10,10,10,10,10,10,10,10,10,10,10,10,10,10,10,10,10,10,100,race,no,no,no,19,Female,photography,Black or African American,Some College,30,11/21/17 10:44
448162532,R_3HXn3msBklvIIvB,8163589,390,0,-0.5,0.31,0.13,0.34,100,10,10,10,5,10,10,10,8,10,10,9,10,10,10,5,10,10,5,10,10,10,80,To study associations between race and negative or positive attributes/characteristics,"I couldn't decide if the total amount of money i had to allocate was limited or not, but I suppose that was the point.",The ability to decide someone's race by using arbitrary facial features,Probably,21,Other,Social Sciences: focus in Psychology,White,Some College,60,12/8/17 9:30
820207618,R_2A0guQG6jmcvSup,8258183,371,1,0.5,-0.09,0.05,-0.19,10,10,3,4,3,10,5,2,3,2,4,5,2,0,0,3,2,3,2,0,1,3,24,To see implicit race preferences.,"The longer task that said ""Who is African American?"" was really confusing because the the quality of the photos was so low grade that after a while I didn't know what I was looking at.",No.,No.,19,Female,Film and Television Major,White,Some College,100,11/20/13 10:12
822115947,R_aXGS15LNLAVJfpL,8298756,249,1,-0.5,-0.29,-0.36,-0.29,10,10,10,10,10,10,10,10,10,10,10,10,10,10,10,10,10,10,10,10,10,10,100,Something involving racism,no,"If I am granted the ability to give up to ten dollars to people and I do not have a chance of keeping the money for myself, of course I will give everyone the full ten dollars.",Possibly wealth stereotypes,18,Female,Social Work,White,High School / GED,,12/5/13 11:31
111353198,R_cvDXohuL5Dfl6tb,8401106,298,0,-0.5,0.44,0.17,0.4,10,10,3,6,4,1,8,8,5,9,4,8,9,1,2,8,4,6,7,6,5,3,83,trustfulness vs race,was clear,no,i dont know,22,Male,student/ biology,Asian,High School / GED,100,8/10/17 10:19
887447735,R_2TNoLqKZ4aXfFHR,8451721,228,0,0.5,1.12,0.97,0.7,10,10,5,8,4,4,5,5,8,4,8,7,5,4,7,10,8,10,4,7,4,4,65,Racial bias and money distribution,"No, they were all clear","I think people would make a judgment to give money based on how friendly the face look, not the race. ",Attitude toward race,23,Male,Psychology,Asian,High School / GED,100,4/21/17 12:35
355512666,R_OcX6JVLToFysEtb,2846783,379,1,0.5,0.2,-0.02,-0.06,10,10,1,1,1,1,1,0,1,1,1,1,1,1,0,1,2,0,1,1,1,1,30,to test the tendency of  how people associate people and words,no,no,no,20,Female,psychology,Black or African American,2-year College Degree,60,11/29/13 13:04
947652759,R_3soUXZa330nB4Rr,8494457,272,0,0.5,-0.53,0.27,-0.02,100,10,10,6,1,5,5,6,9,4,1,4,9,2,1,1,4,4,4,2,3,1,30,To see if race has an impact on how one decides to allocate funds. ,No. ,No. ,Influence of visible racial cues. ,19,Female,Early Childhood Education/Special Education,White,High School / GED,60,4/26/17 10:35
324472440,R_3h4m9LSiAl7atms,8521421,380,0,0.5,0.21,0.69,0.07,100,10,3,8,1,7,5,10,2,5,2,7,3,2,7,1,6,1,0,5,4,1,30,to test if people have an implicit bias to give something to someone else,no,no,no,23,Male,Real Estate,White,2-year College Degree,100,11/29/17 16:12
445245258,R_21ivptkBPEpQRTH,4893326,241,1,-0.5,0.69,0.09,0.44,10,10,10,10,10,10,10,10,10,10,10,10,10,10,10,10,10,10,10,10,10,10,50,See if ppl will give black ppl less money,no,when it said there would be a payout at the end,hmm... is it... racism???,22,Female,"Psychology; CAMS minor, linguistics minor","White,Hispanic",Some College,70,11/9/13 9:34
414745832,R_3n3nMwX3nyfrLYR,8525460,266,0,-0.5,-0.36,0,-0.21,100,10,10,10,10,10,10,10,10,10,10,10,10,10,5,5,10,10,5,5,5,5,80,Examine stereotypes dealing with skin color,No,No,The study could possibly be about our assumptions of economic class based on skin color.,20,Male,Psychology/Journalism,Asian,Some College,30,4/28/17 12:48
484291591,R_1rdDkej2SrXmCRw,8581565,203,1,0.5,0.6,0.62,0.18,10,10,10,10,5,10,10,10,10,10,10,10,10,10,10,10,10,10,5,10,10,10,93,To see whether or not people are influenced by race when allocating limited resources.,No.,No.,"Yes, to see whether or not people associate race with pleasant or unpleasant words.",21,Female,Psychology,White,Some College,100,3/21/13 12:49
506419629,R_ODUC0FnaH4s0znP,8612916,459,1,,,,,10,10,5,6,5,5,6,6,5,6,5,5,5,5,5,5,5,6,5,5,5,5,50,To see how our personal bias affect the way that we allocate money and how we spend it.,"No, the instructions were very clear.",No,I think that it also measured our personal bias.,19,Female,Undecided,Hispanic,Some College,30,11/14/13 14:12
279977357,R_2wmfA5aQ1L4bd19,1888221,314,0,-0.5,-0.22,0.13,-0.26,100,10,1,5,1,10,10,6,10,10,7,3,4,10,2,3,2,1,10,1,10,0,90,to see how you feel about people based on their looks,no,"no, but  I feel like you guys may be pushing the ""african-american is bad"" agenda a little  bit, in my personal opinion. ",no,18,Male,real estate but I make music ,"White,Other",High School / GED,100,10/19/17 8:30
862613381,R_p9vAER6wz9Lg0OB,8652366,300,0,0.5,0.07,0.58,0.53,100,10,6,8,7,5,4,6,5,6,6,5,5,4,4,8,4,5,4,6,5,6,8,I think the purpose of this experiment was maybe it had to do with the fact that we tend to make judgments and stereotypes and attach certain categories with certain groups of people and it influences how we respond to these groups of people. ,"everything was clear, I'm just confused what some tasks were for.",What striked me as implausible to distinguish who was african american in the two pictures. It was really blurry. ,I think it was definitely about something else. There has to be something else they are trying to study besides financial distribution.,19,Female,"Media Culture and Communications and Psychology and Business of Entertainment, Media, and Technology",Asian,High School / GED,30,9/29/17 9:20
215639712,R_2uUHFmGFrHH9USQ,8667681,358,0,-0.5,0.65,0.5,0.75,10,10,3,8,1,6,3,7,5,3,4,6,8,0,3,8,10,7,3,2,3,5,70,I think it was for observing one's race perception.,All instructions were clear,No,No,25,Male,Student/Economics,Asian,High School / GED,80,11/13/17 11:25
742027201,R_1HjzfSZvU8eHKgr,8668972,275,1,0.5,0.07,0.98,0.27,10,10,10,10,10,10,10,10,10,10,10,10,10,10,10,10,10,10,10,10,10,10,100,to determine bias,no,no,how much money certain people deserve,19,Female,Dramatic Writing,White,High School / GED,100,4/26/13 11:29
859072939,R_1r38hW1nfn6pY2F,8703066,304,0,0.5,0.78,0.98,0.38,100,10,1,2,0,1,2,1,1,1,1,1,0,0,3,3,2,2,0,1,1,1,29,Possibly to gauge on how subconscouisly prejudice people are in regards to white vs black males,no,just the fact that you only could go by a face with no other knowledge of the person,maybe,20,Male,Biology,Hispanic,Some College,30,10/2/17 10:46
661330238,R_2EGmF08ClS9Hua6,8800147,236,0,0.5,0.35,0.49,0.65,20,10,2,2,1,2,4,4,3,4,4,5,3,1,4,4,4,5,2,3,4,4,29,"To see how strong our associations were between race and various descriptors, and then to determine if that would affect our trust",no,The part where we had to interpret the blurry faces was a bit odd,definitely had something to do with race and our ability to easily associate certain traits with certain skin colors,20,Male,Psychology,"White,Asian",Some College,100,11/3/17 10:37
850288295,R_3RsVaGpKMOB56A7,7927091,391,1,0.5,-0.74,0.27,-0.13,10,10,10,0,10,10,10,10,10,10,10,10,0,10,0,0,0,0,10,0,0,0,33,Perceptions on race and class,None,No,Yes,18,Male,Nursing,"Black or African American,White,Hispanic",High School / GED,30,12/5/13 14:08
628840480,R_1HiPTD4dS38J7zi,1347675,328,0,0.5,-0.31,-0.26,-0.38,100,10,6,8,5,6,7,8,7,8,6,6,7,6,7,8,5,8,5,4,5,5,39,How we associate facial features and trustworthiness regarding money?,No,No,Maybe something having to do with facial perception or racial bias,18,Female,Acting and Psychology ,"White,Hispanic",Some College,80,10/24/17 9:40
993446339,R_TelsCybj0vr2tYl,8997510,242,0,-0.5,1.01,-0.05,0.59,100,10,6,6,5,5,5,4,5,5,5,4,5,4,6,8,3,6,4,5,5,4,60,Whether we would favor a person or race after having made implicit associations when pressing whether a word or a face was black or white or nice or hostile. ,No.,No,Perhaps to see how our perceptions are of different races,18,Female,Psychology,Asian,High School / GED,50,11/10/17 10:31
901479241,R_W3cYZoRMKSBD2mt,9023248,366,0,-0.5,0.38,0.28,0.42,100,10,7,10,10,10,10,10,10,10,10,10,10,7,10,10,9,10,8,10,10,7,95,Measuring the relationship between financial distribution and racial bias,"Was the total amount of distributed money limited to $100, or was the $100 arbitrary after the randomly selected maximum?",No,Racial bias,18,Male,Film & TV,White,High School / GED,100,11/16/17 14:31
386663055,R_2ZODq0P0BXstY9D,9095826,345,1,-0.5,0.25,0.56,0.38,10,10,3,3,3,3,4,4,4,3,3,3,4,2,5,5,4,5,2,5,5,3,83,To see how race affects the distribution/allocation of money,"No, but I didn't genuinely know how to categorize two words in the poor/wealthy category",No,Racial stereotypes prejudicing our mindset,18,Female,Finance,Asian,High School / GED,100,11/7/13 15:44
227304278,R_30330DvySu5FN5h,9184851,263,1,0.5,0.71,1.25,1.01,10,10,6,8,6,7,7,4,6,7,7,3,8,1,7,8,5,6,4,5,5,7,60,"To associate being white or black to being rich or poor, or a negative or positive connotation in the overall scheme of society these days.",Nope they were clear.,Nope,"Perhaps to show how employers divide up the salary and allocate certain biased portions to people, e.g. more to white workers than black workers.",19,Male,Psychology,Asian,Some College,70,4/20/13 9:33
878406334,R_31Hp3g3oqEdhq8r,9224951,302,0,-0.5,-0.23,0.25,-0.29,100,10,10,10,10,10,10,10,10,10,10,10,10,10,10,10,10,10,10,10,10,10,100,To see how ingrained biases/associations of race and class affected how someone distributes resources,No,"No, but it was uncomfortable when the task was to associate negative words with African Americans because I'm aware these stereotypes are hugely prevalent already, whereas I'd feel less bad associating the negative words with white faces.",Perhaps to see if there's a correlation between perceptions of different groups of people and the resources that are given to them/how favoring one over the other can lead to actual discrepancies.,19,Female,Biology (premed),Asian,Some College,80,9/29/17 10:25
299953289,R_1KkbVbTSyLt9vpx,9230895,287,1,0.5,0.95,0.24,0.59,10,10,10,10,10,10,5,5,5,10,10,10,10,5,5,5,1,10,10,5,10,5,100,To see if people associate positive phrases with black or white faces,no,no,no,20,Male,psychology,Asian,Some College,100,5/3/13 15:03
75469775,R_1LFMO8mxrBwzxmN,9286269,323,1,0.5,0.61,0.5,0.53,10,10,8,10,8,9,10,10,9,10,9,10,10,8,9,10,8,10,8,8,8,9,100,To see how people connect race with status,No,It was extremely hard to differentiate the faces as African-American or not,To determine a connection between perceptions of race and wealth,18,Female,Global Public Health,White,High School / GED,100,10/19/13 17:22
630757840,R_1prhJ8usrYrr4VM,9409771,283,1,0.5,0.58,0.8,0.41,10,10,10,10,10,10,10,10,10,10,10,10,10,6,10,10,10,10,10,5,10,10,100,To analyze the relationship between one's implicit bias and explicit bias based on face features and/or race,No,No,analyzing implicit and explicit bias,21,Male,Psychology,Asian,High School / GED,60,5/2/13 12:49
665894501,R_QhaCWQYkM9Uo9PP,9524064,347,1,0.5,0.49,0.7,0.7,10,10,0,0,0,0,0,0,0,0,0,0,1,0,1,3,0,1,1,0,2,2,49,implicit bias ,no ,no,implicit bias,18,Female,social work ,Asian,High School / GED,70,11/7/13 16:30
746291550,R_3qKVLcEppubADhi,9300742,405,1,-0.5,0.93,0.4,0.09,10,10,8,10,9,10,10,10,10,10,10,8,10,7,9,10,10,10,7,10,10,10,100,To see if implicit racial biases affected how much money people would give,No,"The randomly assigned roles, I would assume everyone gets to distribute money",Racial biases,18,Female,Psychology major,"White,Hispanic",Some College,40,12/7/13 9:57
987076126,R_1H12p0HngYf831Q,9546704,240,0,0.5,0.57,0.63,0.33,100,10,1,3,1,3,3,3,4,3,1,4,1,1,1,1,2,3,1,1,1,0,19,"wealth distribution in US by race, determining if there are racist factors at play","I thought I only had 10 dollars to give total at first , not a total possible of 10 for each person",no,racism,19,Male,Film and TV,White,High School / GED,100,11/10/17 8:35
636434369,R_AFeDDB1MbXIf7Ud,9561943,254,0,-0.5,0.19,0.47,0.13,10,10,10,5,10,10,10,10,10,10,0,10,0,5,3,0,5,0,5,0,0,5,9,To determine whether racial stereotypes effect the way a person is viewed,No,No,Facial stereotyping,27,Female,Psychology,Asian,Some College,30,12/7/17 10:59
19568341,R_31gX2ZTBnwBG0BG,9726097,238,0,-0.5,0.5,-0.11,0.57,100,10,5,10,2,8,5,3,4,3,3,2,8,1,0,10,1,2,6,0,2,2,30,to see which faces the participant responed to more positively by giving them more money.,no,no,to percieve any ingrained racism present in the mind of the participant,19,Female,Acting Major,White,Some College,80,11/8/17 11:36
441156067,R_3D6JZ6GZpa6DljZ,9846062,213,1,-0.5,0.68,1.04,0.4,10,10,10,10,10,10,10,10,10,10,10,10,8,10,10,10,9,10,10,10,10,10,100,to see if race is a factor in how much money someone decides to give,nope,"that I have $10 to give away, jk no",nope,19,Male,Photography Major,White,Some College,100,4/5/13 12:06
300580007,R_3Eh7fSgAGjxMEM4,9858435,328,0,0.5,-0.31,-0.26,-0.38,100,10,1,1,1,5,7,1,1,1,1,1,6,1,5,6,1,1,1,1,1,1,9,racial biases,no,n/a,n/a,22,Female,history of science,"White,Asian,Hispanic",4-year College Degree,100,10/24/17 8:51